timestamp,service,cpu_millicores,memory_working_set_bytes,replica_count
2026-09-04T10:20:12Z,frontend,3,26112000,1
2026-09-04T10:20:12Z,cartservice,4,64147456,1
2026-09-04T10:20:12Z,checkoutservice,3,36339712,1
2026-09-04T10:20:12Z,productcatalogservice,3,26173440,1
2026-09-04T10:20:12Z,paymentservice,3,22437888,1
2026-09-04T10:20:12Z,recommendationservice,6,89878528,1
2026-09-04T10:20:12Z,shippingservice,4,26808320,1
2026-09-04T10:20:12Z,currencyservice,4,71630848,1
2026-09-04T10:20:12Z,emailservice,7,86376448,1
2026-09-04T10:20:12Z,adservice,29,150368256,1
2026-09-04T10:20:12Z,redis-cart,4,31809536,1
2026-09-04T10:20:17Z,frontend,3,26112000,1
2026-09-04T10:20:17Z,cartservice,5,64278528,1
2026-09-04T10:20:17Z,checkoutservice,3,36339712,1
2026-09-04T10:20:17Z,productcatalogservice,3,26173440,1
2026-09-04T10:20:17Z,paymentservice,4,22478848,1
2026-09-04T10:20:17Z,recommendationservice,8,89878528,1
2026-09-04T10:20:17Z,shippingservice,5,26808320,1
2026-09-04T10:20:17Z,currencyservice,3,71561216,1
2026-09-04T10:20:17Z,emailservice,7,86499328,1
2026-09-04T10:20:17Z,adservice,29,150384640,1
2026-09-04T10:20:17Z,redis-cart,5,31809536,1
2026-09-04T10:20:23Z,frontend,3,26128384,1
2026-09-04T10:20:23Z,cartservice,5,64278528,1
2026-09-04T10:20:23Z,checkoutservice,3,36380672,1
2026-09-04T10:20:23Z,productcatalogservice,3,26214400,1
2026-09-04T10:20:23Z,paymentservice,4,22478848,1
2026-09-04T10:20:23Z,recommendationservice,8,89878528,1
2026-09-04T10:20:23Z,shippingservice,5,26808320,1
2026-09-04T10:20:23Z,currencyservice,3,71561216,1
2026-09-04T10:20:23Z,emailservice,7,86437888,1
2026-09-04T10:20:23Z,adservice,29,150384640,1
2026-09-04T10:20:23Z,redis-cart,5,31809536,1
2026-09-04T10:20:28Z,frontend,4,26128384,1
2026-09-04T10:20:28Z,cartservice,4,64352256,1
2026-09-04T10:20:28Z,checkoutservice,5,36380672,1
2026-09-04T10:20:28Z,productcatalogservice,4,26214400,1
2026-09-04T10:20:28Z,paymentservice,4,22523904,1
2026-09-04T10:20:28Z,recommendationservice,8,89878528,1
2026-09-04T10:20:28Z,shippingservice,6,26812416,1
2026-09-04T10:20:28Z,currencyservice,4,71610368,1
2026-09-04T10:20:28Z,emailservice,8,86446080,1
2026-09-04T10:20:28Z,adservice,39,150384640,1
2026-09-04T10:20:28Z,redis-cart,5,31809536,1
2026-09-04T10:20:33Z,frontend,4,54910976,1
2026-09-04T10:20:33Z,cartservice,4,80670720,1
2026-09-04T10:20:33Z,checkoutservice,5,41504768,1
2026-09-04T10:20:33Z,productcatalogservice,4,33439744,1
2026-09-04T10:20:33Z,paymentservice,4,22622208,1
2026-09-04T10:20:33Z,recommendationservice,8,93118464,1
2026-09-04T10:20:33Z,shippingservice,6,27000832,1
2026-09-04T10:20:33Z,currencyservice,4,79360000,1
2026-09-04T10:20:33Z,emailservice,8,86593536,1
2026-09-04T10:20:33Z,adservice,39,161378304,1
2026-09-04T10:20:33Z,redis-cart,5,32022528,1
2026-09-04T10:20:38Z,frontend,271,65892352,1
2026-09-04T10:20:38Z,cartservice,175,80609280,1
2026-09-04T10:20:38Z,checkoutservice,44,43855872,1
2026-09-04T10:20:38Z,productcatalogservice,96,35119104,1
2026-09-04T10:20:38Z,paymentservice,8,22851584,1
2026-09-04T10:20:38Z,recommendationservice,221,94216192,1
2026-09-04T10:20:38Z,shippingservice,19,27508736,1
2026-09-04T10:20:38Z,currencyservice,178,84287488,1
2026-09-04T10:20:38Z,emailservice,11,86745088,1
2026-09-04T10:20:38Z,adservice,234,169668608,1
2026-09-04T10:20:38Z,redis-cart,10,32063488,1
2026-09-04T10:20:44Z,frontend,271,67596288,1
2026-09-04T10:20:44Z,cartservice,175,78397440,1
2026-09-04T10:20:44Z,checkoutservice,44,50077696,1
2026-09-04T10:20:44Z,productcatalogservice,96,34918400,1
2026-09-04T10:20:44Z,paymentservice,8,23031808,1
2026-09-04T10:20:44Z,recommendationservice,221,94437376,1
2026-09-04T10:20:44Z,shippingservice,19,28692480,1
2026-09-04T10:20:44Z,currencyservice,178,84733952,1
2026-09-04T10:20:44Z,emailservice,11,86781952,1
2026-09-04T10:20:44Z,adservice,234,187097088,1
2026-09-04T10:20:44Z,redis-cart,10,32096256,1
2026-09-04T10:20:49Z,frontend,655,69632000,1
2026-09-04T10:20:49Z,cartservice,138,78589952,1
2026-09-04T10:20:49Z,checkoutservice,95,49606656,1
2026-09-04T10:20:49Z,productcatalogservice,209,35622912,1
2026-09-04T10:20:49Z,paymentservice,17,23212032,1
2026-09-04T10:20:49Z,recommendationservice,523,94531584,1
2026-09-04T10:20:49Z,shippingservice,43,27557888,1
2026-09-04T10:20:49Z,currencyservice,348,85516288,1
2026-09-04T10:20:49Z,emailservice,22,86827008,1
2026-09-04T10:20:49Z,adservice,361,190050304,1
2026-09-04T10:20:49Z,redis-cart,18,32112640,1
2026-09-04T10:20:54Z,frontend,655,67764224,1
2026-09-04T10:20:54Z,cartservice,138,78639104,1
2026-09-04T10:20:54Z,checkoutservice,95,44744704,1
2026-09-04T10:20:54Z,productcatalogservice,209,35168256,1
2026-09-04T10:20:54Z,paymentservice,17,23343104,1
2026-09-04T10:20:54Z,recommendationservice,523,94658560,1
2026-09-04T10:20:54Z,shippingservice,43,28741632,1
2026-09-04T10:20:54Z,currencyservice,348,86052864,1
2026-09-04T10:20:54Z,emailservice,22,86839296,1
2026-09-04T10:20:54Z,adservice,361,191135744,1
2026-09-04T10:20:54Z,redis-cart,18,32190464,1
2026-09-04T10:21:00Z,frontend,676,73588736,1
2026-09-04T10:21:00Z,cartservice,120,77737984,1
2026-09-04T10:21:00Z,checkoutservice,94,45694976,1
2026-09-04T10:21:00Z,productcatalogservice,217,34725888,1
2026-09-04T10:21:00Z,paymentservice,20,23531520,1
2026-09-04T10:21:00Z,recommendationservice,557,94695424,1
2026-09-04T10:21:00Z,shippingservice,45,29085696,1
2026-09-04T10:21:00Z,currencyservice,304,85696512,1
2026-09-04T10:21:00Z,emailservice,19,86908928,1
2026-09-04T10:21:00Z,adservice,225,192401408,1
2026-09-04T10:21:00Z,redis-cart,26,32198656,1
2026-09-04T10:21:05Z,frontend,676,74891264,1
2026-09-04T10:21:05Z,cartservice,120,77799424,1
2026-09-04T10:21:05Z,checkoutservice,94,44564480,1
2026-09-04T10:21:05Z,productcatalogservice,217,35319808,1
2026-09-04T10:21:05Z,paymentservice,20,23674880,1
2026-09-04T10:21:05Z,recommendationservice,557,94818304,1
2026-09-04T10:21:05Z,shippingservice,45,28643328,1
2026-09-04T10:21:05Z,currencyservice,304,85610496,1
2026-09-04T10:21:05Z,emailservice,19,86933504,1
2026-09-04T10:21:05Z,adservice,225,193986560,1
2026-09-04T10:21:05Z,redis-cart,26,32190464,1
2026-09-04T10:21:10Z,frontend,677,75984896,1
2026-09-04T10:21:10Z,cartservice,119,77557760,1
2026-09-04T10:21:10Z,checkoutservice,92,49131520,1
2026-09-04T10:21:10Z,productcatalogservice,226,35418112,1
2026-09-04T10:21:10Z,paymentservice,18,23830528,1
2026-09-04T10:21:10Z,recommendationservice,540,94846976,1
2026-09-04T10:21:10Z,shippingservice,40,28631040,1
2026-09-04T10:21:10Z,currencyservice,288,85999616,1
2026-09-04T10:21:10Z,emailservice,24,86933504,1
2026-09-04T10:21:10Z,adservice,144,194854912,1
2026-09-04T10:21:10Z,redis-cart,18,32198656,1
2026-09-04T10:21:16Z,frontend,696,72118272,1
2026-09-04T10:21:16Z,cartservice,118,77717504,1
2026-09-04T10:21:16Z,checkoutservice,93,46829568,1
2026-09-04T10:21:16Z,productcatalogservice,221,35426304,1
2026-09-04T10:21:16Z,paymentservice,21,24002560,1
2026-09-04T10:21:16Z,recommendationservice,548,94863360,1
2026-09-04T10:21:16Z,shippingservice,43,29044736,1
2026-09-04T10:21:16Z,currencyservice,280,86016000,1
2026-09-04T10:21:16Z,emailservice,22,86941696,1
2026-09-04T10:21:16Z,adservice,143,195715072,1
2026-09-04T10:21:16Z,redis-cart,18,32202752,1
2026-09-04T10:21:21Z,frontend,696,75386880,1
2026-09-04T10:21:21Z,cartservice,118,77627392,1
2026-09-04T10:21:21Z,checkoutservice,93,46739456,1
2026-09-04T10:21:21Z,productcatalogservice,221,35414016,1
2026-09-04T10:21:21Z,paymentservice,21,24133632,1
2026-09-04T10:21:21Z,recommendationservice,548,94953472,1
2026-09-04T10:21:21Z,shippingservice,43,28516352,1
2026-09-04T10:21:21Z,currencyservice,280,87105536,1
2026-09-04T10:21:21Z,emailservice,22,86941696,1
2026-09-04T10:21:21Z,adservice,143,197980160,1
2026-09-04T10:21:21Z,redis-cart,18,32202752,1
2026-09-04T10:21:26Z,frontend,704,77230080,1
2026-09-04T10:21:26Z,cartservice,108,77688832,1
2026-09-04T10:21:26Z,checkoutservice,93,45309952,1
2026-09-04T10:21:26Z,productcatalogservice,212,35143680,1
2026-09-04T10:21:26Z,paymentservice,19,24276992,1
2026-09-04T10:21:26Z,recommendationservice,547,94953472,1
2026-09-04T10:21:26Z,shippingservice,43,29671424,1
2026-09-04T10:21:26Z,currencyservice,284,86298624,1
2026-09-04T10:21:26Z,emailservice,23,86941696,1
2026-09-04T10:21:26Z,adservice,138,198389760,1
2026-09-04T10:21:26Z,redis-cart,18,32198656,1
2026-09-04T10:21:31Z,frontend,704,76345344,1
2026-09-04T10:21:31Z,cartservice,108,77860864,1
2026-09-04T10:21:31Z,checkoutservice,93,44896256,1
2026-09-04T10:21:31Z,productcatalogservice,212,34955264,1
2026-09-04T10:21:31Z,paymentservice,19,24391680,1
2026-09-04T10:21:31Z,recommendationservice,547,94953472,1
2026-09-04T10:21:31Z,shippingservice,43,29024256,1
2026-09-04T10:21:31Z,currencyservice,284,86163456,1
2026-09-04T10:21:31Z,emailservice,23,86949888,1
2026-09-04T10:21:31Z,adservice,138,198557696,1
2026-09-04T10:21:31Z,redis-cart,18,32202752,1
2026-09-04T10:21:37Z,frontend,692,76468224,1
2026-09-04T10:21:37Z,cartservice,109,78082048,1
2026-09-04T10:21:37Z,checkoutservice,97,46964736,1
2026-09-04T10:21:37Z,productcatalogservice,233,34955264,1
2026-09-04T10:21:37Z,paymentservice,19,24530944,1
2026-09-04T10:21:37Z,recommendationservice,580,94851072,1
2026-09-04T10:21:37Z,shippingservice,47,28368896,1
2026-09-04T10:21:37Z,currencyservice,276,87248896,1
2026-09-04T10:21:37Z,emailservice,27,86966272,1
2026-09-04T10:21:37Z,adservice,116,201134080,1
2026-09-04T10:21:37Z,redis-cart,19,32190464,1
2026-09-04T10:21:42Z,frontend,692,74289152,1
2026-09-04T10:21:42Z,cartservice,109,77742080,1
2026-09-04T10:21:42Z,checkoutservice,0,11296768,1
2026-09-04T10:21:42Z,productcatalogservice,233,35766272,1
2026-09-04T10:21:42Z,paymentservice,19,24645632,1
2026-09-04T10:21:42Z,recommendationservice,580,94982144,1
2026-09-04T10:21:42Z,shippingservice,47,28987392,1
2026-09-04T10:21:42Z,currencyservice,276,86581248,1
2026-09-04T10:21:42Z,emailservice,27,86974464,1
2026-09-04T10:21:42Z,adservice,116,198586368,1
2026-09-04T10:21:42Z,redis-cart,19,32194560,1
2026-09-04T10:21:47Z,frontend,686,75276288,1
2026-09-04T10:21:47Z,cartservice,113,78053376,1
2026-09-04T10:21:47Z,checkoutservice,0,20541440,1
2026-09-04T10:21:47Z,productcatalogservice,225,35610624,1
2026-09-04T10:21:47Z,paymentservice,16,24784896,1
2026-09-04T10:21:47Z,recommendationservice,549,94998528,1
2026-09-04T10:21:47Z,shippingservice,43,29691904,1
2026-09-04T10:21:47Z,currencyservice,273,86605824,1
2026-09-04T10:21:47Z,emailservice,20,86978560,1
2026-09-04T10:21:47Z,adservice,202,201519104,1
2026-09-04T10:21:47Z,redis-cart,18,32194560,1
2026-09-04T10:21:53Z,frontend,686,77824000,1
2026-09-04T10:21:53Z,cartservice,113,77881344,1
2026-09-04T10:21:53Z,checkoutservice,0,18616320,1
2026-09-04T10:21:53Z,productcatalogservice,225,35164160,1
2026-09-04T10:21:53Z,paymentservice,16,24870912,1
2026-09-04T10:21:53Z,recommendationservice,549,95006720,1
2026-09-04T10:21:53Z,shippingservice,43,29274112,1
2026-09-04T10:21:53Z,currencyservice,273,86564864,1
2026-09-04T10:21:53Z,emailservice,20,87015424,1
2026-09-04T10:21:53Z,adservice,202,204091392,1
2026-09-04T10:21:53Z,redis-cart,18,32202752,1
2026-09-04T10:21:58Z,frontend,687,74743808,1
2026-09-04T10:21:58Z,cartservice,108,77897728,1
2026-09-04T10:21:58Z,checkoutservice,93,21426176,1
2026-09-04T10:21:58Z,productcatalogservice,221,34508800,1
2026-09-04T10:21:58Z,paymentservice,17,25006080,1
2026-09-04T10:21:58Z,recommendationservice,567,95006720,1
2026-09-04T10:21:58Z,shippingservice,40,29163520,1
2026-09-04T10:21:58Z,currencyservice,277,86700032,1
2026-09-04T10:21:58Z,emailservice,21,87044096,1
2026-09-04T10:21:58Z,adservice,184,204845056,1
2026-09-04T10:21:58Z,redis-cart,27,32268288,1
2026-09-04T10:22:03Z,frontend,687,77000704,1
2026-09-04T10:22:03Z,cartservice,108,77762560,1
2026-09-04T10:22:03Z,checkoutservice,93,20336640,1
2026-09-04T10:22:03Z,productcatalogservice,221,35414016,1
2026-09-04T10:22:03Z,paymentservice,17,25124864,1
2026-09-04T10:22:03Z,recommendationservice,567,95367168,1
2026-09-04T10:22:03Z,shippingservice,40,29896704,1
2026-09-04T10:22:03Z,currencyservice,277,86376448,1
2026-09-04T10:22:03Z,emailservice,21,87056384,1
2026-09-04T10:22:03Z,adservice,184,204939264,1
2026-09-04T10:22:03Z,redis-cart,27,32268288,1
2026-09-04T10:22:09Z,frontend,699,76419072,1
2026-09-04T10:22:09Z,cartservice,105,77762560,1
2026-09-04T10:22:09Z,checkoutservice,93,18251776,1
2026-09-04T10:22:09Z,productcatalogservice,230,36151296,1
2026-09-04T10:22:09Z,paymentservice,18,25288704,1
2026-09-04T10:22:09Z,recommendationservice,556,95772672,1
2026-09-04T10:22:09Z,shippingservice,48,29773824,1
2026-09-04T10:22:09Z,currencyservice,275,87027712,1
2026-09-04T10:22:09Z,emailservice,22,87068672,1
2026-09-04T10:22:09Z,adservice,118,205012992,1
2026-09-04T10:22:09Z,redis-cart,17,32272384,1
2026-09-04T10:22:14Z,frontend,699,75943936,1
2026-09-04T10:22:14Z,cartservice,105,78245888,1
2026-09-04T10:22:14Z,checkoutservice,93,22687744,1
2026-09-04T10:22:14Z,productcatalogservice,230,34291712,1
2026-09-04T10:22:14Z,paymentservice,18,25436160,1
2026-09-04T10:22:14Z,recommendationservice,556,95772672,1
2026-09-04T10:22:14Z,shippingservice,48,29552640,1
2026-09-04T10:22:14Z,currencyservice,275,87285760,1
2026-09-04T10:22:14Z,emailservice,22,87076864,1
2026-09-04T10:22:14Z,adservice,118,205045760,1
2026-09-04T10:22:14Z,redis-cart,17,32276480,1
2026-09-04T10:22:19Z,frontend,691,76533760,1
2026-09-04T10:22:19Z,cartservice,117,77967360,1
2026-09-04T10:22:19Z,checkoutservice,95,21037056,1
2026-09-04T10:22:19Z,productcatalogservice,224,35946496,1
2026-09-04T10:22:19Z,paymentservice,15,25534464,1
2026-09-04T10:22:19Z,recommendationservice,560,95780864,1
2026-09-04T10:22:19Z,shippingservice,43,29401088,1
2026-09-04T10:22:19Z,currencyservice,283,87162880,1
2026-09-04T10:22:19Z,emailservice,25,87093248,1
2026-09-04T10:22:19Z,adservice,103,205754368,1
2026-09-04T10:22:19Z,redis-cart,20,32276480,1
2026-09-04T10:22:25Z,frontend,691,75702272,1
2026-09-04T10:22:25Z,cartservice,117,77963264,1
2026-09-04T10:22:25Z,checkoutservice,95,22122496,1
2026-09-04T10:22:25Z,productcatalogservice,224,35160064,1
2026-09-04T10:22:25Z,paymentservice,15,25681920,1
2026-09-04T10:22:25Z,recommendationservice,560,95780864,1
2026-09-04T10:22:25Z,shippingservice,43,29888512,1
2026-09-04T10:22:25Z,currencyservice,283,87228416,1
2026-09-04T10:22:25Z,emailservice,25,87097344,1
2026-09-04T10:22:25Z,adservice,103,205824000,1
2026-09-04T10:22:25Z,redis-cart,20,32272384,1
2026-09-04T10:22:30Z,frontend,694,76447744,1
2026-09-04T10:22:30Z,cartservice,109,78053376,1
2026-09-04T10:22:30Z,checkoutservice,95,20570112,1
2026-09-04T10:22:30Z,productcatalogservice,224,34988032,1
2026-09-04T10:22:30Z,paymentservice,15,25772032,1
2026-09-04T10:22:30Z,recommendationservice,560,95789056,1
2026-09-04T10:22:30Z,shippingservice,41,29519872,1
2026-09-04T10:22:30Z,currencyservice,294,86503424,1
2026-09-04T10:22:30Z,emailservice,21,87109632,1
2026-09-04T10:22:30Z,adservice,84,205856768,1
2026-09-04T10:22:30Z,redis-cart,19,32272384,1
2026-09-04T10:22:35Z,frontend,694,76169216,1
2026-09-04T10:22:35Z,cartservice,109,78028800,1
2026-09-04T10:22:35Z,checkoutservice,95,22659072,1
2026-09-04T10:22:35Z,productcatalogservice,224,35221504,1
2026-09-04T10:22:35Z,paymentservice,15,25948160,1
2026-09-04T10:22:35Z,recommendationservice,560,95956992,1
2026-09-04T10:22:35Z,shippingservice,41,28917760,1
2026-09-04T10:22:35Z,currencyservice,294,87511040,1
2026-09-04T10:22:35Z,emailservice,21,87134208,1
2026-09-04T10:22:35Z,adservice,84,206127104,1
2026-09-04T10:22:35Z,redis-cart,19,32264192,1
2026-09-04T10:22:40Z,frontend,709,75550720,1
2026-09-04T10:22:40Z,cartservice,117,78176256,1
2026-09-04T10:22:40Z,checkoutservice,0,7671808,0
2026-09-04T10:22:40Z,productcatalogservice,232,35688448,1
2026-09-04T10:22:40Z,paymentservice,14,26103808,1
2026-09-04T10:22:40Z,recommendationservice,571,95956992,1
2026-09-04T10:22:40Z,shippingservice,46,29417472,1
2026-09-04T10:22:40Z,currencyservice,272,87093248,1
2026-09-04T10:22:40Z,emailservice,20,87134208,1
2026-09-04T10:22:40Z,adservice,74,206270464,1
2026-09-04T10:22:40Z,redis-cart,19,32264192,1
2026-09-04T10:22:46Z,frontend,709,76103680,1
2026-09-04T10:22:46Z,cartservice,117,78536704,1
2026-09-04T10:22:46Z,checkoutservice,0,19591168,1
2026-09-04T10:22:46Z,productcatalogservice,232,35745792,1
2026-09-04T10:22:46Z,paymentservice,14,26202112,1
2026-09-04T10:22:46Z,recommendationservice,571,95993856,1
2026-09-04T10:22:46Z,shippingservice,46,29261824,1
2026-09-04T10:22:46Z,currencyservice,272,86351872,1
2026-09-04T10:22:46Z,emailservice,20,87142400,1
2026-09-04T10:22:46Z,adservice,74,206602240,1
2026-09-04T10:22:46Z,redis-cart,19,32264192,1
2026-09-04T10:22:51Z,frontend,711,77389824,1
2026-09-04T10:22:51Z,cartservice,111,78295040,1
2026-09-04T10:22:51Z,checkoutservice,0,21073920,1
2026-09-04T10:22:51Z,productcatalogservice,226,35250176,1
2026-09-04T10:22:51Z,paymentservice,13,26370048,1
2026-09-04T10:22:51Z,recommendationservice,543,96014336,1
2026-09-04T10:22:51Z,shippingservice,41,28610560,1
2026-09-04T10:22:51Z,currencyservice,299,86634496,1
2026-09-04T10:22:51Z,emailservice,18,87183360,1
2026-09-04T10:22:51Z,adservice,122,206761984,1
2026-09-04T10:22:51Z,redis-cart,19,32264192,1
2026-09-04T10:22:56Z,frontend,706,76070912,1
2026-09-04T10:22:56Z,cartservice,132,78340096,1
2026-09-04T10:22:56Z,checkoutservice,93,21475328,1
2026-09-04T10:22:56Z,productcatalogservice,225,36462592,1
2026-09-04T10:22:56Z,paymentservice,19,26472448,1
2026-09-04T10:22:56Z,recommendationservice,547,96034816,1
2026-09-04T10:22:56Z,shippingservice,47,30167040,1
2026-09-04T10:22:56Z,currencyservice,286,86568960,1
2026-09-04T10:22:56Z,emailservice,21,87191552,1
2026-09-04T10:22:56Z,adservice,80,206880768,1
2026-09-04T10:22:56Z,redis-cart,25,32354304,1
2026-09-04T10:23:02Z,frontend,706,77877248,1
2026-09-04T10:23:02Z,cartservice,132,78340096,1
2026-09-04T10:23:02Z,checkoutservice,93,21757952,1
2026-09-04T10:23:02Z,productcatalogservice,225,34795520,1
2026-09-04T10:23:02Z,paymentservice,19,26574848,1
2026-09-04T10:23:02Z,recommendationservice,547,96038912,1
2026-09-04T10:23:02Z,shippingservice,47,29876224,1
2026-09-04T10:23:02Z,currencyservice,286,86392832,1
2026-09-04T10:23:02Z,emailservice,21,87207936,1
2026-09-04T10:23:02Z,adservice,80,207208448,1
2026-09-04T10:23:02Z,redis-cart,25,32354304,1
2026-09-04T10:23:07Z,frontend,692,79896576,1
2026-09-04T10:23:07Z,cartservice,136,78639104,1
2026-09-04T10:23:07Z,checkoutservice,96,19927040,1
2026-09-04T10:23:07Z,productcatalogservice,217,35749888,1
2026-09-04T10:23:07Z,paymentservice,16,26730496,1
2026-09-04T10:23:07Z,recommendationservice,543,96055296,1
2026-09-04T10:23:07Z,shippingservice,43,30130176,1
2026-09-04T10:23:07Z,currencyservice,284,87343104,1
2026-09-04T10:23:07Z,emailservice,24,87207936,1
2026-09-04T10:23:07Z,adservice,162,209100800,1
2026-09-04T10:23:07Z,redis-cart,18,32354304,1
2026-09-04T10:23:12Z,frontend,692,77053952,1
2026-09-04T10:23:12Z,cartservice,136,78753792,1
2026-09-04T10:23:12Z,checkoutservice,96,21962752,1
2026-09-04T10:23:12Z,productcatalogservice,217,34996224,1
2026-09-04T10:23:12Z,paymentservice,16,26841088,1
2026-09-04T10:23:12Z,recommendationservice,543,96067584,1
2026-09-04T10:23:12Z,shippingservice,43,29540352,1
2026-09-04T10:23:12Z,currencyservice,284,86777856,1
2026-09-04T10:23:12Z,emailservice,24,87232512,1
2026-09-04T10:23:12Z,adservice,162,209489920,1
2026-09-04T10:23:12Z,redis-cart,18,32354304,1
2026-09-04T10:23:18Z,frontend,709,76484608,1
2026-09-04T10:23:18Z,cartservice,152,78929920,1
2026-09-04T10:23:18Z,checkoutservice,93,20131840,1
2026-09-04T10:23:18Z,productcatalogservice,220,34553856,1
2026-09-04T10:23:18Z,paymentservice,18,26996736,1
2026-09-04T10:23:18Z,recommendationservice,578,96067584,1
2026-09-04T10:23:18Z,shippingservice,49,30052352,1
2026-09-04T10:23:18Z,currencyservice,280,86601728,1
2026-09-04T10:23:18Z,emailservice,24,87232512,1
2026-09-04T10:23:18Z,adservice,70,209625088,1
2026-09-04T10:23:18Z,redis-cart,18,32354304,1
2026-09-04T10:23:23Z,frontend,709,77307904,1
2026-09-04T10:23:23Z,cartservice,152,79265792,1
2026-09-04T10:23:23Z,checkoutservice,93,19623936,1
2026-09-04T10:23:23Z,productcatalogservice,220,35008512,1
2026-09-04T10:23:23Z,paymentservice,18,27197440,1
2026-09-04T10:23:23Z,recommendationservice,578,96083968,1
2026-09-04T10:23:23Z,shippingservice,49,29736960,1
2026-09-04T10:23:23Z,currencyservice,280,86528000,1
2026-09-04T10:23:23Z,emailservice,24,87261184,1
2026-09-04T10:23:23Z,adservice,70,209895424,1
2026-09-04T10:23:23Z,redis-cart,18,32350208,1
2026-09-04T10:23:28Z,frontend,708,76341248,1
2026-09-04T10:23:28Z,cartservice,162,78888960,1
2026-09-04T10:23:28Z,checkoutservice,94,20750336,1
2026-09-04T10:23:28Z,productcatalogservice,227,34693120,1
2026-09-04T10:23:28Z,paymentservice,19,27316224,1
2026-09-04T10:23:28Z,recommendationservice,564,96092160,1
2026-09-04T10:23:28Z,shippingservice,43,29704192,1
2026-09-04T10:23:28Z,currencyservice,284,86585344,1
2026-09-04T10:23:28Z,emailservice,24,87261184,1
2026-09-04T10:23:28Z,adservice,94,210083840,1
2026-09-04T10:23:28Z,redis-cart,18,32350208,1
2026-09-04T10:23:33Z,frontend,708,76746752,1
2026-09-04T10:23:33Z,cartservice,162,79007744,1
2026-09-04T10:23:33Z,checkoutservice,94,19480576,1
2026-09-04T10:23:33Z,productcatalogservice,227,36552704,1
2026-09-04T10:23:33Z,paymentservice,19,27574272,1
2026-09-04T10:23:33Z,recommendationservice,564,96092160,1
2026-09-04T10:23:33Z,shippingservice,43,29380608,1
2026-09-04T10:23:33Z,currencyservice,284,87339008,1
2026-09-04T10:23:33Z,emailservice,24,87261184,1
2026-09-04T10:23:33Z,adservice,94,210333696,1
2026-09-04T10:23:33Z,redis-cart,18,32337920,1
2026-09-04T10:23:39Z,frontend,690,77725696,1
2026-09-04T10:23:39Z,cartservice,153,78925824,1
2026-09-04T10:23:39Z,checkoutservice,91,22351872,1
2026-09-04T10:23:39Z,productcatalogservice,215,35418112,1
2026-09-04T10:23:39Z,paymentservice,15,27516928,1
2026-09-04T10:23:39Z,recommendationservice,561,96108544,1
2026-09-04T10:23:39Z,shippingservice,46,29347840,1
2026-09-04T10:23:39Z,currencyservice,294,87838720,1
2026-09-04T10:23:39Z,emailservice,22,87265280,1
2026-09-04T10:23:39Z,adservice,76,210407424,1
2026-09-04T10:23:39Z,redis-cart,18,32342016,1
2026-09-04T10:23:44Z,frontend,690,77578240,1
2026-09-04T10:23:44Z,cartservice,153,78950400,1
2026-09-04T10:23:44Z,checkoutservice,0,18153472,1
2026-09-04T10:23:44Z,productcatalogservice,215,34775040,1
2026-09-04T10:23:44Z,paymentservice,15,27725824,1
2026-09-04T10:23:44Z,recommendationservice,561,96112640,1
2026-09-04T10:23:44Z,shippingservice,46,29777920,1
2026-09-04T10:23:44Z,currencyservice,294,87035904,1
2026-09-04T10:23:44Z,emailservice,22,87265280,1
2026-09-04T10:23:44Z,adservice,76,210485248,1
2026-09-04T10:23:44Z,redis-cart,18,32342016,1
2026-09-04T10:23:49Z,frontend,685,73236480,1
2026-09-04T10:23:49Z,cartservice,146,78954496,1
2026-09-04T10:23:49Z,checkoutservice,0,17305600,1
2026-09-04T10:23:49Z,productcatalogservice,211,35676160,1
2026-09-04T10:23:49Z,paymentservice,13,27697152,1
2026-09-04T10:23:49Z,recommendationservice,560,96112640,1
2026-09-04T10:23:49Z,shippingservice,42,30253056,1
2026-09-04T10:23:49Z,currencyservice,270,86233088,1
2026-09-04T10:23:49Z,emailservice,18,87289856,1
2026-09-04T10:23:49Z,adservice,71,210653184,1
2026-09-04T10:23:49Z,redis-cart,18,32346112,1
2026-09-04T10:23:55Z,frontend,685,74244096,1
2026-09-04T10:23:55Z,cartservice,146,79175680,1
2026-09-04T10:23:55Z,checkoutservice,0,20992000,1
2026-09-04T10:23:55Z,productcatalogservice,211,34234368,1
2026-09-04T10:23:55Z,paymentservice,13,27893760,1
2026-09-04T10:23:55Z,recommendationservice,560,96112640,1
2026-09-04T10:23:55Z,shippingservice,42,29736960,1
2026-09-04T10:23:55Z,currencyservice,270,87035904,1
2026-09-04T10:23:55Z,emailservice,18,87289856,1
2026-09-04T10:23:55Z,adservice,71,210894848,1
2026-09-04T10:23:55Z,redis-cart,18,32346112,1
2026-09-04T10:24:00Z,frontend,672,74612736,1
2026-09-04T10:24:00Z,cartservice,164,78884864,1
2026-09-04T10:24:00Z,checkoutservice,92,19623936,1
2026-09-04T10:24:00Z,productcatalogservice,225,36118528,1
2026-09-04T10:24:00Z,paymentservice,18,28073984,1
2026-09-04T10:24:00Z,recommendationservice,527,96133120,1
2026-09-04T10:24:00Z,shippingservice,41,30023680,1
2026-09-04T10:24:00Z,currencyservice,272,87560192,1
2026-09-04T10:24:00Z,emailservice,21,87302144,1
2026-09-04T10:24:00Z,adservice,57,211079168,1
2026-09-04T10:24:00Z,redis-cart,22,32538624,1
2026-09-04T10:24:05Z,frontend,672,74420224,1
2026-09-04T10:24:05Z,cartservice,164,78884864,1
2026-09-04T10:24:05Z,checkoutservice,92,18120704,1
2026-09-04T10:24:05Z,productcatalogservice,225,36134912,1
2026-09-04T10:24:05Z,paymentservice,18,28213248,1
2026-09-04T10:24:05Z,recommendationservice,527,96137216,1
2026-09-04T10:24:05Z,shippingservice,41,30056448,1
2026-09-04T10:24:05Z,currencyservice,272,86941696,1
2026-09-04T10:24:05Z,emailservice,21,87318528,1
2026-09-04T10:24:05Z,adservice,57,211116032,1
2026-09-04T10:24:05Z,redis-cart,22,32538624,1
2026-09-04T10:24:10Z,frontend,687,75550720,1
2026-09-04T10:24:10Z,cartservice,164,78884864,1
2026-09-04T10:24:10Z,checkoutservice,95,22032384,1
2026-09-04T10:24:10Z,productcatalogservice,220,35893248,1
2026-09-04T10:24:10Z,paymentservice,15,28438528,1
2026-09-04T10:24:10Z,recommendationservice,542,96141312,1
2026-09-04T10:24:10Z,shippingservice,43,29253632,1
2026-09-04T10:24:10Z,currencyservice,284,86765568,1
2026-09-04T10:24:10Z,emailservice,22,87318528,1
2026-09-04T10:24:10Z,adservice,115,211341312,1
2026-09-04T10:24:10Z,redis-cart,17,32538624,1
2026-09-04T10:24:16Z,frontend,687,73445376,1
2026-09-04T10:24:16Z,cartservice,164,78905344,1
2026-09-04T10:24:16Z,checkoutservice,95,19496960,1
2026-09-04T10:24:16Z,productcatalogservice,220,35139584,1
2026-09-04T10:24:16Z,paymentservice,15,28606464,1
2026-09-04T10:24:16Z,recommendationservice,542,96141312,1
2026-09-04T10:24:16Z,shippingservice,43,29859840,1
2026-09-04T10:24:16Z,currencyservice,284,86867968,1
2026-09-04T10:24:16Z,emailservice,22,87326720,1
2026-09-04T10:24:16Z,adservice,115,211918848,1
2026-09-04T10:24:16Z,redis-cart,17,32538624,1
2026-09-04T10:24:21Z,frontend,674,76824576,1
2026-09-04T10:24:21Z,cartservice,129,78909440,1
2026-09-04T10:24:21Z,checkoutservice,92,19058688,1
2026-09-04T10:24:21Z,productcatalogservice,215,34537472,1
2026-09-04T10:24:21Z,paymentservice,13,28790784,1
2026-09-04T10:24:21Z,recommendationservice,509,96141312,1
2026-09-04T10:24:21Z,shippingservice,42,29503488,1
2026-09-04T10:24:21Z,currencyservice,272,86745088,1
2026-09-04T10:24:21Z,emailservice,19,87326720,1
2026-09-04T10:24:21Z,adservice,64,211406848,1
2026-09-04T10:24:21Z,redis-cart,16,32538624,1
2026-09-04T10:24:26Z,frontend,674,76193792,1
2026-09-04T10:24:26Z,cartservice,129,78880768,1
2026-09-04T10:24:26Z,checkoutservice,92,21995520,1
2026-09-04T10:24:26Z,productcatalogservice,215,35553280,1
2026-09-04T10:24:26Z,paymentservice,13,29044736,1
2026-09-04T10:24:26Z,recommendationservice,509,96141312,1
2026-09-04T10:24:26Z,shippingservice,42,29667328,1
2026-09-04T10:24:26Z,currencyservice,272,86093824,1
2026-09-04T10:24:26Z,emailservice,19,87339008,1
2026-09-04T10:24:26Z,adservice,64,211546112,1
2026-09-04T10:24:26Z,redis-cart,16,32538624,1
2026-09-04T10:24:32Z,frontend,685,75579392,1
2026-09-04T10:24:32Z,cartservice,115,78667776,1
2026-09-04T10:24:32Z,checkoutservice,91,20340736,1
2026-09-04T10:24:32Z,productcatalogservice,226,36204544,1
2026-09-04T10:24:32Z,paymentservice,15,29175808,1
2026-09-04T10:24:32Z,recommendationservice,539,96141312,1
2026-09-04T10:24:32Z,shippingservice,45,29958144,1
2026-09-04T10:24:32Z,currencyservice,274,86200320,1
2026-09-04T10:24:32Z,emailservice,20,87343104,1
2026-09-04T10:24:32Z,adservice,56,211689472,1
2026-09-04T10:24:32Z,redis-cart,17,32530432,1
2026-09-04T10:24:37Z,frontend,685,74084352,1
2026-09-04T10:24:37Z,cartservice,115,78667776,1
2026-09-04T10:24:37Z,checkoutservice,91,23830528,1
2026-09-04T10:24:37Z,productcatalogservice,226,35364864,1
2026-09-04T10:24:37Z,paymentservice,15,29372416,1
2026-09-04T10:24:37Z,recommendationservice,539,96157696,1
2026-09-04T10:24:37Z,shippingservice,45,29745152,1
2026-09-04T10:24:37Z,currencyservice,274,86605824,1
2026-09-04T10:24:37Z,emailservice,20,87351296,1
2026-09-04T10:24:37Z,adservice,56,211816448,1
2026-09-04T10:24:37Z,redis-cart,17,32530432,1
2026-09-04T10:24:42Z,frontend,676,76066816,1
2026-09-04T10:24:42Z,cartservice,112,78667776,1
2026-09-04T10:24:42Z,checkoutservice,87,25030656,1
2026-09-04T10:24:42Z,productcatalogservice,224,35201024,1
2026-09-04T10:24:42Z,paymentservice,17,29519872,1
2026-09-04T10:24:42Z,recommendationservice,529,96161792,1
2026-09-04T10:24:42Z,shippingservice,42,29892608,1
2026-09-04T10:24:42Z,currencyservice,272,87724032,1
2026-09-04T10:24:42Z,emailservice,22,87375872,1
2026-09-04T10:24:42Z,adservice,66,212451328,1
2026-09-04T10:24:42Z,redis-cart,18,32530432,1
2026-09-04T10:24:47Z,frontend,676,73854976,1
2026-09-04T10:24:47Z,cartservice,112,78671872,1
2026-09-04T10:24:47Z,checkoutservice,87,22708224,1
2026-09-04T10:24:47Z,productcatalogservice,224,35586048,1
2026-09-04T10:24:47Z,paymentservice,17,29786112,1
2026-09-04T10:24:47Z,recommendationservice,529,96169984,1
2026-09-04T10:24:47Z,shippingservice,42,29687808,1
2026-09-04T10:24:47Z,currencyservice,272,86839296,1
2026-09-04T10:24:47Z,emailservice,22,87400448,1
2026-09-04T10:24:47Z,adservice,66,212615168,1
2026-09-04T10:24:47Z,redis-cart,18,32530432,1
2026-09-04T10:24:53Z,frontend,681,71815168,1
2026-09-04T10:24:53Z,cartservice,124,78741504,1
2026-09-04T10:24:53Z,checkoutservice,91,21979136,1
2026-09-04T10:24:53Z,productcatalogservice,228,35508224,1
2026-09-04T10:24:53Z,paymentservice,14,29884416,1
2026-09-04T10:24:53Z,recommendationservice,523,96169984,1
2026-09-04T10:24:53Z,shippingservice,41,30195712,1
2026-09-04T10:24:53Z,currencyservice,276,87416832,1
2026-09-04T10:24:53Z,emailservice,18,87412736,1
2026-09-04T10:24:53Z,adservice,64,212815872,1
2026-09-04T10:24:53Z,redis-cart,17,32530432,1
2026-09-04T10:24:58Z,frontend,673,75264000,1
2026-09-04T10:24:58Z,cartservice,157,78827520,1
2026-09-04T10:24:58Z,checkoutservice,92,20705280,1
2026-09-04T10:24:58Z,productcatalogservice,231,35037184,1
2026-09-04T10:24:58Z,paymentservice,13,30085120,1
2026-09-04T10:24:58Z,recommendationservice,501,96235520,1
2026-09-04T10:24:58Z,shippingservice,41,29515776,1
2026-09-04T10:24:58Z,currencyservice,281,86671360,1
2026-09-04T10:24:58Z,emailservice,19,87465984,1
2026-09-04T10:24:58Z,adservice,54,213270528,1
2026-09-04T10:24:58Z,redis-cart,21,32595968,1
2026-09-04T10:25:03Z,frontend,673,74817536,1
2026-09-04T10:25:03Z,cartservice,157,79073280,1
2026-09-04T10:25:03Z,checkoutservice,92,23851008,1
2026-09-04T10:25:03Z,productcatalogservice,231,34582528,1
2026-09-04T10:25:03Z,paymentservice,13,30224384,1
2026-09-04T10:25:03Z,recommendationservice,501,96235520,1
2026-09-04T10:25:03Z,shippingservice,41,29691904,1
2026-09-04T10:25:03Z,currencyservice,281,87490560,1
2026-09-04T10:25:03Z,emailservice,19,87494656,1
2026-09-04T10:25:03Z,adservice,54,213749760,1
2026-09-04T10:25:03Z,redis-cart,21,32600064,1
2026-09-04T10:25:08Z,frontend,685,76468224,1
2026-09-04T10:25:08Z,cartservice,162,78868480,1
2026-09-04T10:25:08Z,checkoutservice,92,19410944,1
2026-09-04T10:25:08Z,productcatalogservice,232,33587200,1
2026-09-04T10:25:08Z,paymentservice,12,30531584,1
2026-09-04T10:25:08Z,recommendationservice,525,96260096,1
2026-09-04T10:25:08Z,shippingservice,42,29794304,1
2026-09-04T10:25:08Z,currencyservice,281,86814720,1
2026-09-04T10:25:08Z,emailservice,20,87539712,1
2026-09-04T10:25:08Z,adservice,66,213929984,1
2026-09-04T10:25:08Z,redis-cart,16,32600064,1
2026-09-04T10:25:14Z,frontend,685,74973184,1
2026-09-04T10:25:14Z,cartservice,162,78872576,1
2026-09-04T10:25:14Z,checkoutservice,92,20381696,1
2026-09-04T10:25:14Z,productcatalogservice,232,35794944,1
2026-09-04T10:25:14Z,paymentservice,12,30646272,1
2026-09-04T10:25:14Z,recommendationservice,525,96260096,1
2026-09-04T10:25:14Z,shippingservice,42,29429760,1
2026-09-04T10:25:14Z,currencyservice,281,87388160,1
2026-09-04T10:25:14Z,emailservice,20,87543808,1
2026-09-04T10:25:14Z,adservice,66,214118400,1
2026-09-04T10:25:14Z,redis-cart,16,32600064,1
2026-09-04T10:25:19Z,frontend,602,73363456,1
2026-09-04T10:25:19Z,cartservice,149,79007744,1
2026-09-04T10:25:19Z,checkoutservice,94,27148288,1
2026-09-04T10:25:19Z,productcatalogservice,203,34557952,1
2026-09-04T10:25:19Z,paymentservice,13,30846976,1
2026-09-04T10:25:19Z,recommendationservice,469,96268288,1
2026-09-04T10:25:19Z,shippingservice,38,30064640,1
2026-09-04T10:25:19Z,currencyservice,261,86532096,1
2026-09-04T10:25:19Z,emailservice,20,87552000,1
2026-09-04T10:25:19Z,adservice,54,214519808,1
2026-09-04T10:25:19Z,redis-cart,15,32608256,1
2026-09-04T10:25:24Z,frontend,602,75063296,1
2026-09-04T10:25:24Z,cartservice,149,79208448,1
2026-09-04T10:25:24Z,checkoutservice,94,24215552,1
2026-09-04T10:25:24Z,productcatalogservice,203,35700736,1
2026-09-04T10:25:24Z,paymentservice,13,31002624,1
2026-09-04T10:25:24Z,recommendationservice,469,96288768,1
2026-09-04T10:25:24Z,shippingservice,38,29761536,1
2026-09-04T10:25:24Z,currencyservice,261,87261184,1
2026-09-04T10:25:24Z,emailservice,20,87560192,1
2026-09-04T10:25:24Z,adservice,54,214802432,1
2026-09-04T10:25:24Z,redis-cart,15,32604160,1
2026-09-04T10:25:30Z,frontend,687,74768384,1
2026-09-04T10:25:30Z,cartservice,171,79835136,1
2026-09-04T10:25:30Z,checkoutservice,92,22646784,1
2026-09-04T10:25:30Z,productcatalogservice,232,35459072,1
2026-09-04T10:25:30Z,paymentservice,15,31129600,1
2026-09-04T10:25:30Z,recommendationservice,521,96292864,1
2026-09-04T10:25:30Z,shippingservice,40,30363648,1
2026-09-04T10:25:30Z,currencyservice,280,87019520,1
2026-09-04T10:25:30Z,emailservice,19,87486464,1
2026-09-04T10:25:30Z,adservice,56,215027712,1
2026-09-04T10:25:30Z,redis-cart,17,32604160,1
2026-09-04T10:25:35Z,frontend,687,75509760,1
2026-09-04T10:25:35Z,cartservice,171,79630336,1
2026-09-04T10:25:35Z,checkoutservice,92,21823488,1
2026-09-04T10:25:35Z,productcatalogservice,232,34885632,1
2026-09-04T10:25:35Z,paymentservice,15,31309824,1
2026-09-04T10:25:35Z,recommendationservice,521,96313344,1
2026-09-04T10:25:35Z,shippingservice,40,30560256,1
2026-09-04T10:25:35Z,currencyservice,280,87109632,1
2026-09-04T10:25:35Z,emailservice,19,87498752,1
2026-09-04T10:25:35Z,adservice,56,215502848,1
2026-09-04T10:25:35Z,redis-cart,17,32595968,1
2026-09-04T10:25:40Z,frontend,677,75071488,1
2026-09-04T10:25:40Z,cartservice,174,81641472,1
2026-09-04T10:25:40Z,checkoutservice,88,21708800,1
2026-09-04T10:25:40Z,productcatalogservice,232,35500032,1
2026-09-04T10:25:40Z,paymentservice,12,31432704,1
2026-09-04T10:25:40Z,recommendationservice,547,96321536,1
2026-09-04T10:25:40Z,shippingservice,41,30466048,1
2026-09-04T10:25:40Z,currencyservice,274,86654976,1
2026-09-04T10:25:40Z,emailservice,19,87498752,1
2026-09-04T10:25:40Z,adservice,60,215556096,1
2026-09-04T10:25:40Z,redis-cart,17,32600064,1
2026-09-04T10:25:45Z,frontend,677,75071488,1
2026-09-04T10:25:45Z,cartservice,174,81661952,1
2026-09-04T10:25:45Z,checkoutservice,88,21708800,1
2026-09-04T10:25:45Z,productcatalogservice,232,35291136,1
2026-09-04T10:25:45Z,paymentservice,12,31436800,1
2026-09-04T10:25:45Z,recommendationservice,547,96325632,1
2026-09-04T10:25:45Z,shippingservice,41,29650944,1
2026-09-04T10:25:45Z,currencyservice,274,86654976,1
2026-09-04T10:25:45Z,emailservice,19,87498752,1
2026-09-04T10:25:45Z,adservice,60,215556096,1
2026-09-04T10:25:45Z,redis-cart,17,32600064,1
2026-09-04T10:25:51Z,frontend,90,75071488,1
2026-09-04T10:25:51Z,cartservice,35,81625088,1
2026-09-04T10:25:51Z,checkoutservice,14,21729280,1
2026-09-04T10:25:51Z,productcatalogservice,26,35291136,1
2026-09-04T10:25:51Z,paymentservice,6,31436800,1
2026-09-04T10:25:51Z,recommendationservice,64,96325632,1
2026-09-04T10:25:51Z,shippingservice,10,29650944,1
2026-09-04T10:25:51Z,currencyservice,42,77123584,1
2026-09-04T10:25:51Z,emailservice,12,87498752,1
2026-09-04T10:25:51Z,adservice,40,215580672,1
2026-09-04T10:25:51Z,redis-cart,7,32600064,1
2026-09-04T10:25:56Z,frontend,90,50327552,1
2026-09-04T10:25:56Z,cartservice,35,80121856,1
2026-09-04T10:25:56Z,checkoutservice,14,20033536,1
2026-09-04T10:25:56Z,productcatalogservice,26,35885056,1
2026-09-04T10:25:56Z,paymentservice,6,31531008,1
2026-09-04T10:25:56Z,recommendationservice,64,96325632,1
2026-09-04T10:25:56Z,shippingservice,10,30138368,1
2026-09-04T10:25:56Z,currencyservice,42,80781312,1
2026-09-04T10:25:56Z,emailservice,12,87498752,1
2026-09-04T10:25:56Z,adservice,40,215580672,1
2026-09-04T10:25:56Z,redis-cart,7,32624640,1
2026-09-04T10:26:01Z,frontend,151,49049600,1
2026-09-04T10:26:01Z,cartservice,39,80150528,1
2026-09-04T10:26:01Z,checkoutservice,57,17375232,1
2026-09-04T10:26:01Z,productcatalogservice,62,35753984,1
2026-09-04T10:26:01Z,paymentservice,9,31612928,1
2026-09-04T10:26:01Z,recommendationservice,104,96325632,1
2026-09-04T10:26:01Z,shippingservice,16,29437952,1
2026-09-04T10:26:01Z,currencyservice,86,85598208,1
2026-09-04T10:26:01Z,emailservice,14,87498752,1
2026-09-04T10:26:01Z,adservice,40,215638016,1
2026-09-04T10:26:01Z,redis-cart,12,32681984,1
2026-09-04T10:26:06Z,frontend,151,49348608,1
2026-09-04T10:26:06Z,cartservice,39,80191488,1
2026-09-04T10:26:06Z,checkoutservice,57,18964480,1
2026-09-04T10:26:06Z,productcatalogservice,62,35483648,1
2026-09-04T10:26:06Z,paymentservice,9,31698944,1
2026-09-04T10:26:06Z,recommendationservice,104,96346112,1
2026-09-04T10:26:06Z,shippingservice,16,28999680,1
2026-09-04T10:26:06Z,currencyservice,86,83324928,1
2026-09-04T10:26:06Z,emailservice,14,87498752,1
2026-09-04T10:26:06Z,adservice,40,215638016,1
2026-09-04T10:26:06Z,redis-cart,12,32686080,1
2026-09-04T10:26:12Z,frontend,223,47910912,1
2026-09-04T10:26:12Z,cartservice,60,80195584,1
2026-09-04T10:26:12Z,checkoutservice,94,18890752,1
2026-09-04T10:26:12Z,productcatalogservice,95,35332096,1
2026-09-04T10:26:12Z,paymentservice,11,31768576,1
2026-09-04T10:26:12Z,recommendationservice,143,96346112,1
2026-09-04T10:26:12Z,shippingservice,23,29700096,1
2026-09-04T10:26:12Z,currencyservice,117,86212608,1
2026-09-04T10:26:12Z,emailservice,18,87498752,1
2026-09-04T10:26:12Z,adservice,45,215703552,1
2026-09-04T10:26:12Z,redis-cart,9,32686080,1
2026-09-04T10:26:17Z,frontend,223,49426432,1
2026-09-04T10:26:17Z,cartservice,60,80924672,1
2026-09-04T10:26:17Z,checkoutservice,94,17813504,1
2026-09-04T10:26:17Z,productcatalogservice,95,35188736,1
2026-09-04T10:26:17Z,paymentservice,11,31899648,1
2026-09-04T10:26:17Z,recommendationservice,143,96346112,1
2026-09-04T10:26:17Z,shippingservice,23,29749248,1
2026-09-04T10:26:17Z,currencyservice,117,84049920,1
2026-09-04T10:26:17Z,emailservice,18,87498752,1
2026-09-04T10:26:17Z,adservice,45,215703552,1
2026-09-04T10:26:17Z,redis-cart,9,32686080,1
2026-09-04T10:26:22Z,frontend,229,49434624,1
2026-09-04T10:26:22Z,cartservice,60,80928768,1
2026-09-04T10:26:22Z,checkoutservice,96,17563648,1
2026-09-04T10:26:22Z,productcatalogservice,93,35487744,1
2026-09-04T10:26:22Z,paymentservice,12,32030720,1
2026-09-04T10:26:22Z,recommendationservice,142,96346112,1
2026-09-04T10:26:22Z,shippingservice,24,29556736,1
2026-09-04T10:26:22Z,currencyservice,100,85573632,1
2026-09-04T10:26:22Z,emailservice,17,87498752,1
2026-09-04T10:26:22Z,adservice,46,215793664,1
2026-09-04T10:26:22Z,redis-cart,9,32686080,1
2026-09-04T10:26:27Z,frontend,229,49524736,1
2026-09-04T10:26:27Z,cartservice,60,80957440,1
2026-09-04T10:26:27Z,checkoutservice,96,17408000,1
2026-09-04T10:26:27Z,productcatalogservice,93,35663872,1
2026-09-04T10:26:27Z,paymentservice,12,32116736,1
2026-09-04T10:26:27Z,recommendationservice,142,96346112,1
2026-09-04T10:26:27Z,shippingservice,24,29843456,1
2026-09-04T10:26:27Z,currencyservice,100,85204992,1
2026-09-04T10:26:27Z,emailservice,17,87498752,1
2026-09-04T10:26:27Z,adservice,46,215257088,1
2026-09-04T10:26:27Z,redis-cart,9,32686080,1
2026-09-04T10:26:33Z,frontend,206,48607232,1
2026-09-04T10:26:33Z,cartservice,58,80961536,1
2026-09-04T10:26:33Z,checkoutservice,96,17633280,1
2026-09-04T10:26:33Z,productcatalogservice,88,35799040,1
2026-09-04T10:26:33Z,paymentservice,9,32202752,1
2026-09-04T10:26:33Z,recommendationservice,129,96346112,1
2026-09-04T10:26:33Z,shippingservice,21,29536256,1
2026-09-04T10:26:33Z,currencyservice,76,85626880,1
2026-09-04T10:26:33Z,emailservice,15,87519232,1
2026-09-04T10:26:33Z,adservice,39,215261184,1
2026-09-04T10:26:33Z,redis-cart,9,32686080,1
2026-09-04T10:26:38Z,frontend,206,48816128,1
2026-09-04T10:26:38Z,cartservice,58,80879616,1
2026-09-04T10:26:38Z,checkoutservice,96,17584128,1
2026-09-04T10:26:38Z,productcatalogservice,88,35540992,1
2026-09-04T10:26:38Z,paymentservice,9,32387072,1
2026-09-04T10:26:38Z,recommendationservice,129,96346112,1
2026-09-04T10:26:38Z,shippingservice,21,29868032,1
2026-09-04T10:26:38Z,currencyservice,76,85004288,1
2026-09-04T10:26:38Z,emailservice,15,87523328,1
2026-09-04T10:26:38Z,adservice,39,215048192,1
2026-09-04T10:26:38Z,redis-cart,9,32673792,1
2026-09-04T10:26:43Z,frontend,195,46387200,1
2026-09-04T10:26:43Z,cartservice,59,80879616,1
2026-09-04T10:26:43Z,checkoutservice,97,17043456,1
2026-09-04T10:26:43Z,productcatalogservice,82,35643392,1
2026-09-04T10:26:43Z,paymentservice,9,32444416,1
2026-09-04T10:26:43Z,recommendationservice,127,96346112,1
2026-09-04T10:26:43Z,shippingservice,21,29671424,1
2026-09-04T10:26:43Z,currencyservice,70,85815296,1
2026-09-04T10:26:43Z,emailservice,15,87523328,1
2026-09-04T10:26:43Z,adservice,39,214138880,1
2026-09-04T10:26:43Z,redis-cart,8,32673792,1
2026-09-04T10:26:48Z,frontend,195,48451584,1
2026-09-04T10:26:48Z,cartservice,59,80580608,1
2026-09-04T10:26:48Z,checkoutservice,97,17395712,1
2026-09-04T10:26:48Z,productcatalogservice,82,35266560,1
2026-09-04T10:26:48Z,paymentservice,9,32522240,1
2026-09-04T10:26:48Z,recommendationservice,127,96346112,1
2026-09-04T10:26:48Z,shippingservice,21,29290496,1
2026-09-04T10:26:48Z,currencyservice,70,85938176,1
2026-09-04T10:26:48Z,emailservice,15,87523328,1
2026-09-04T10:26:48Z,adservice,39,214220800,1
2026-09-04T10:26:48Z,redis-cart,8,32673792,1
2026-09-04T10:26:53Z,frontend,198,46362624,1
2026-09-04T10:26:53Z,cartservice,54,80584704,1
2026-09-04T10:26:53Z,checkoutservice,95,17793024,1
2026-09-04T10:26:53Z,productcatalogservice,82,35569664,1
2026-09-04T10:26:53Z,paymentservice,8,32600064,1
2026-09-04T10:26:53Z,recommendationservice,125,96346112,1
2026-09-04T10:26:53Z,shippingservice,20,29577216,1
2026-09-04T10:26:53Z,currencyservice,73,86474752,1
2026-09-04T10:26:53Z,emailservice,15,87523328,1
2026-09-04T10:26:53Z,adservice,35,214220800,1
2026-09-04T10:26:53Z,redis-cart,8,32673792,1
2026-09-04T10:26:59Z,frontend,192,48398336,1
2026-09-04T10:26:59Z,cartservice,49,80527360,1
2026-09-04T10:26:59Z,checkoutservice,92,19918848,1
2026-09-04T10:26:59Z,productcatalogservice,80,35143680,1
2026-09-04T10:26:59Z,paymentservice,9,32694272,1
2026-09-04T10:26:59Z,recommendationservice,121,96346112,1
2026-09-04T10:26:59Z,shippingservice,20,29818880,1
2026-09-04T10:26:59Z,currencyservice,69,86298624,1
2026-09-04T10:26:59Z,emailservice,14,87523328,1
2026-09-04T10:26:59Z,adservice,32,214220800,1
2026-09-04T10:26:59Z,redis-cart,8,32673792,1
2026-09-04T10:27:04Z,frontend,192,49061888,1
2026-09-04T10:27:04Z,cartservice,49,80527360,1
2026-09-04T10:27:04Z,checkoutservice,92,18018304,1
2026-09-04T10:27:04Z,productcatalogservice,80,35835904,1
2026-09-04T10:27:04Z,paymentservice,9,32772096,1
2026-09-04T10:27:04Z,recommendationservice,121,96346112,1
2026-09-04T10:27:04Z,shippingservice,20,29380608,1
2026-09-04T10:27:04Z,currencyservice,69,86495232,1
2026-09-04T10:27:04Z,emailservice,14,87523328,1
2026-09-04T10:27:04Z,adservice,32,214298624,1
2026-09-04T10:27:04Z,redis-cart,8,32673792,1
2026-09-04T10:27:09Z,frontend,186,47697920,1
2026-09-04T10:27:09Z,cartservice,43,80527360,1
2026-09-04T10:27:09Z,checkoutservice,94,19070976,1
2026-09-04T10:27:09Z,productcatalogservice,79,35160064,1
2026-09-04T10:27:09Z,paymentservice,9,32882688,1
2026-09-04T10:27:09Z,recommendationservice,121,96346112,1
2026-09-04T10:27:09Z,shippingservice,19,29868032,1
2026-09-04T10:27:09Z,currencyservice,65,86003712,1
2026-09-04T10:27:09Z,emailservice,14,87556096,1
2026-09-04T10:27:09Z,adservice,37,214298624,1
2026-09-04T10:27:09Z,redis-cart,8,32673792,1
2026-09-04T10:27:14Z,frontend,186,45346816,1
2026-09-04T10:27:14Z,cartservice,43,80347136,1
2026-09-04T10:27:14Z,checkoutservice,94,18071552,1
2026-09-04T10:27:14Z,productcatalogservice,79,35672064,1
2026-09-04T10:27:14Z,paymentservice,9,33001472,1
2026-09-04T10:27:14Z,recommendationservice,121,96362496,1
2026-09-04T10:27:14Z,shippingservice,19,30314496,1
2026-09-04T10:27:14Z,currencyservice,65,86466560,1
2026-09-04T10:27:14Z,emailservice,14,87556096,1
2026-09-04T10:27:14Z,adservice,37,214368256,1
2026-09-04T10:27:14Z,redis-cart,8,32673792,1
2026-09-04T10:27:20Z,frontend,194,45862912,1
2026-09-04T10:27:20Z,cartservice,46,80433152,1
2026-09-04T10:27:20Z,checkoutservice,97,18984960,1
2026-09-04T10:27:20Z,productcatalogservice,82,33894400,1
2026-09-04T10:27:20Z,paymentservice,8,33071104,1
2026-09-04T10:27:20Z,recommendationservice,118,96337920,1
2026-09-04T10:27:20Z,shippingservice,20,29814784,1
2026-09-04T10:27:20Z,currencyservice,69,86687744,1
2026-09-04T10:27:20Z,emailservice,14,87556096,1
2026-09-04T10:27:20Z,adservice,37,214278144,1
2026-09-04T10:27:20Z,redis-cart,12,32727040,1
2026-09-04T10:27:25Z,frontend,194,45572096,1
2026-09-04T10:27:25Z,cartservice,46,80629760,1
2026-09-04T10:27:25Z,checkoutservice,97,18608128,1
2026-09-04T10:27:25Z,productcatalogservice,82,34021376,1
2026-09-04T10:27:25Z,paymentservice,8,33153024,1
2026-09-04T10:27:25Z,recommendationservice,118,96346112,1
2026-09-04T10:27:25Z,shippingservice,20,29351936,1
2026-09-04T10:27:25Z,currencyservice,69,87195648,1
2026-09-04T10:27:25Z,emailservice,14,87556096,1
2026-09-04T10:27:25Z,adservice,37,214282240,1
2026-09-04T10:27:25Z,redis-cart,12,32727040,1
2026-09-04T10:27:30Z,frontend,190,47149056,1
2026-09-04T10:27:30Z,cartservice,54,80551936,1
2026-09-04T10:27:30Z,checkoutservice,93,17985536,1
2026-09-04T10:27:30Z,productcatalogservice,82,33959936,1
2026-09-04T10:27:30Z,paymentservice,8,33222656,1
2026-09-04T10:27:30Z,recommendationservice,121,96346112,1
2026-09-04T10:27:30Z,shippingservice,20,29298688,1
2026-09-04T10:27:30Z,currencyservice,68,86487040,1
2026-09-04T10:27:30Z,emailservice,14,87556096,1
2026-09-04T10:27:30Z,adservice,35,214343680,1
2026-09-04T10:27:30Z,redis-cart,8,32727040,1
2026-09-04T10:27:35Z,frontend,190,48115712,1
2026-09-04T10:27:35Z,cartservice,54,80605184,1
2026-09-04T10:27:35Z,checkoutservice,93,17637376,1
2026-09-04T10:27:35Z,productcatalogservice,82,33918976,1
2026-09-04T10:27:35Z,paymentservice,8,33300480,1
2026-09-04T10:27:35Z,recommendationservice,121,96182272,1
2026-09-04T10:27:35Z,shippingservice,20,29753344,1
2026-09-04T10:27:35Z,currencyservice,68,86814720,1
2026-09-04T10:27:35Z,emailservice,14,87556096,1
2026-09-04T10:27:35Z,adservice,35,214351872,1
2026-09-04T10:27:35Z,redis-cart,8,32727040,1
2026-09-04T10:27:41Z,frontend,187,47943680,1
2026-09-04T10:27:41Z,cartservice,58,80609280,1
2026-09-04T10:27:41Z,checkoutservice,95,18436096,1
2026-09-04T10:27:41Z,productcatalogservice,82,33935360,1
2026-09-04T10:27:41Z,paymentservice,8,33402880,1
2026-09-04T10:27:41Z,recommendationservice,121,96206848,1
2026-09-04T10:27:41Z,shippingservice,21,29048832,1
2026-09-04T10:27:41Z,currencyservice,68,86601728,1
2026-09-04T10:27:41Z,emailservice,14,87556096,1
2026-09-04T10:27:41Z,adservice,35,214650880,1
2026-09-04T10:27:41Z,redis-cart,8,32727040,1
2026-09-04T10:27:46Z,frontend,187,48062464,1
2026-09-04T10:27:46Z,cartservice,58,80617472,1
2026-09-04T10:27:46Z,checkoutservice,95,16912384,1
2026-09-04T10:27:46Z,productcatalogservice,82,33873920,1
2026-09-04T10:27:46Z,paymentservice,8,33476608,1
2026-09-04T10:27:46Z,recommendationservice,121,96206848,1
2026-09-04T10:27:46Z,shippingservice,21,29859840,1
2026-09-04T10:27:46Z,currencyservice,68,87023616,1
2026-09-04T10:27:46Z,emailservice,14,87556096,1
2026-09-04T10:27:46Z,adservice,35,214675456,1
2026-09-04T10:27:46Z,redis-cart,8,32727040,1
2026-09-04T10:27:51Z,frontend,189,47247360,1
2026-09-04T10:27:51Z,cartservice,57,80621568,1
2026-09-04T10:27:51Z,checkoutservice,96,17584128,1
2026-09-04T10:27:51Z,productcatalogservice,82,34070528,1
2026-09-04T10:27:51Z,paymentservice,9,33570816,1
2026-09-04T10:27:51Z,recommendationservice,124,96206848,1
2026-09-04T10:27:51Z,shippingservice,20,29446144,1
2026-09-04T10:27:51Z,currencyservice,67,87273472,1
2026-09-04T10:27:51Z,emailservice,15,87556096,1
2026-09-04T10:27:51Z,adservice,36,214773760,1
2026-09-04T10:27:51Z,redis-cart,8,32727040,1
2026-09-04T10:27:56Z,frontend,189,46362624,1
2026-09-04T10:27:56Z,cartservice,57,80564224,1
2026-09-04T10:27:56Z,checkoutservice,96,17743872,1
2026-09-04T10:27:56Z,productcatalogservice,82,33800192,1
2026-09-04T10:27:56Z,paymentservice,9,33648640,1
2026-09-04T10:27:56Z,recommendationservice,124,96206848,1
2026-09-04T10:27:56Z,shippingservice,20,28561408,1
2026-09-04T10:27:56Z,currencyservice,67,87654400,1
2026-09-04T10:27:56Z,emailservice,15,87564288,1
2026-09-04T10:27:56Z,adservice,36,214773760,1
2026-09-04T10:27:56Z,redis-cart,8,32727040,1
2026-09-04T10:28:02Z,frontend,182,47464448,1
2026-09-04T10:28:02Z,cartservice,46,80527360,1
2026-09-04T10:28:02Z,checkoutservice,92,18292736,1
2026-09-04T10:28:02Z,productcatalogservice,80,35831808,1
2026-09-04T10:28:02Z,paymentservice,8,33730560,1
2026-09-04T10:28:02Z,recommendationservice,120,96206848,1
2026-09-04T10:28:02Z,shippingservice,20,29642752,1
2026-09-04T10:28:02Z,currencyservice,61,86777856,1
2026-09-04T10:28:02Z,emailservice,15,87564288,1
2026-09-04T10:28:02Z,adservice,31,214749184,1
2026-09-04T10:28:02Z,redis-cart,8,32727040,1
2026-09-04T10:28:07Z,frontend,182,47820800,1
2026-09-04T10:28:07Z,cartservice,46,80527360,1
2026-09-04T10:28:07Z,checkoutservice,92,18112512,1
2026-09-04T10:28:07Z,productcatalogservice,80,34058240,1
2026-09-04T10:28:07Z,paymentservice,8,33796096,1
2026-09-04T10:28:07Z,recommendationservice,120,96206848,1
2026-09-04T10:28:07Z,shippingservice,20,29470720,1
2026-09-04T10:28:07Z,currencyservice,61,87056384,1
2026-09-04T10:28:07Z,emailservice,15,87564288,1
2026-09-04T10:28:07Z,adservice,31,214904832,1
2026-09-04T10:28:07Z,redis-cart,8,32727040,1
2026-09-04T10:28:12Z,frontend,180,48050176,1
2026-09-04T10:28:12Z,cartservice,34,80527360,1
2026-09-04T10:28:12Z,checkoutservice,90,18657280,1
2026-09-04T10:28:12Z,productcatalogservice,79,34734080,1
2026-09-04T10:28:12Z,paymentservice,8,33878016,1
2026-09-04T10:28:12Z,recommendationservice,117,96206848,1
2026-09-04T10:28:12Z,shippingservice,20,29003776,1
2026-09-04T10:28:12Z,currencyservice,64,86695936,1
2026-09-04T10:28:12Z,emailservice,15,87564288,1
2026-09-04T10:28:12Z,adservice,32,214908928,1
2026-09-04T10:28:12Z,redis-cart,8,32727040,1
2026-09-04T10:28:17Z,frontend,180,47181824,1
2026-09-04T10:28:17Z,cartservice,34,80162816,1
2026-09-04T10:28:17Z,checkoutservice,90,17829888,1
2026-09-04T10:28:17Z,productcatalogservice,79,35688448,1
2026-09-04T10:28:17Z,paymentservice,8,33980416,1
2026-09-04T10:28:17Z,recommendationservice,117,96206848,1
2026-09-04T10:28:17Z,shippingservice,20,28659712,1
2026-09-04T10:28:17Z,currencyservice,64,86986752,1
2026-09-04T10:28:17Z,emailservice,15,87568384,1
2026-09-04T10:28:17Z,adservice,32,214999040,1
2026-09-04T10:28:17Z,redis-cart,8,32727040,1
2026-09-04T10:28:22Z,frontend,182,46444544,1
2026-09-04T10:28:22Z,cartservice,36,80400384,1
2026-09-04T10:28:22Z,checkoutservice,92,18120704,1
2026-09-04T10:28:22Z,productcatalogservice,78,35319808,1
2026-09-04T10:28:22Z,paymentservice,9,34082816,1
2026-09-04T10:28:22Z,recommendationservice,115,96206848,1
2026-09-04T10:28:22Z,shippingservice,20,29425664,1
2026-09-04T10:28:22Z,currencyservice,61,86921216,1
2026-09-04T10:28:22Z,emailservice,14,87568384,1
2026-09-04T10:28:22Z,adservice,34,214999040,1
2026-09-04T10:28:22Z,redis-cart,8,32727040,1
2026-09-04T10:28:28Z,frontend,182,47243264,1
2026-09-04T10:28:28Z,cartservice,36,80158720,1
2026-09-04T10:28:28Z,checkoutservice,92,18219008,1
2026-09-04T10:28:28Z,productcatalogservice,78,33538048,1
2026-09-04T10:28:28Z,paymentservice,9,34131968,1
2026-09-04T10:28:28Z,recommendationservice,115,96215040,1
2026-09-04T10:28:28Z,shippingservice,20,29855744,1
2026-09-04T10:28:28Z,currencyservice,61,87453696,1
2026-09-04T10:28:28Z,emailservice,14,87568384,1
2026-09-04T10:28:28Z,adservice,34,214999040,1
2026-09-04T10:28:28Z,redis-cart,8,32727040,1
2026-09-04T10:28:33Z,frontend,185,47665152,1
2026-09-04T10:28:33Z,cartservice,36,80158720,1
2026-09-04T10:28:33Z,checkoutservice,96,17846272,1
2026-09-04T10:28:33Z,productcatalogservice,79,35618816,1
2026-09-04T10:28:33Z,paymentservice,8,34201600,1
2026-09-04T10:28:33Z,recommendationservice,121,96215040,1
2026-09-04T10:28:33Z,shippingservice,19,29691904,1
2026-09-04T10:28:33Z,currencyservice,61,87818240,1
2026-09-04T10:28:33Z,emailservice,15,87572480,1
2026-09-04T10:28:33Z,adservice,34,215285760,1
2026-09-04T10:28:33Z,redis-cart,8,32882688,1
2026-09-04T10:28:38Z,frontend,185,46284800,1
2026-09-04T10:28:38Z,cartservice,36,80158720,1
2026-09-04T10:28:38Z,checkoutservice,96,17883136,1
2026-09-04T10:28:38Z,productcatalogservice,79,34435072,1
2026-09-04T10:28:38Z,paymentservice,8,34275328,1
2026-09-04T10:28:38Z,recommendationservice,121,96215040,1
2026-09-04T10:28:38Z,shippingservice,19,30052352,1
2026-09-04T10:28:38Z,currencyservice,61,87306240,1
2026-09-04T10:28:38Z,emailservice,15,87572480,1
2026-09-04T10:28:38Z,adservice,34,215285760,1
2026-09-04T10:28:38Z,redis-cart,8,32751616,1
2026-09-04T10:28:43Z,frontend,190,46891008,1
2026-09-04T10:28:43Z,cartservice,38,79728640,1
2026-09-04T10:28:43Z,checkoutservice,95,17784832,1
2026-09-04T10:28:43Z,productcatalogservice,81,35803136,1
2026-09-04T10:28:43Z,paymentservice,8,34385920,1
2026-09-04T10:28:43Z,recommendationservice,118,96215040,1
2026-09-04T10:28:43Z,shippingservice,20,29892608,1
2026-09-04T10:28:43Z,currencyservice,67,87666688,1
2026-09-04T10:28:43Z,emailservice,15,87539712,1
2026-09-04T10:28:43Z,adservice,36,215396352,1
2026-09-04T10:28:43Z,redis-cart,12,32747520,1
2026-09-04T10:28:49Z,frontend,190,45854720,1
2026-09-04T10:28:49Z,cartservice,38,79728640,1
2026-09-04T10:28:49Z,checkoutservice,95,18186240,1
2026-09-04T10:28:49Z,productcatalogservice,81,33533952,1
2026-09-04T10:28:49Z,paymentservice,8,34459648,1
2026-09-04T10:28:49Z,recommendationservice,118,96219136,1
2026-09-04T10:28:49Z,shippingservice,20,29532160,1
2026-09-04T10:28:49Z,currencyservice,67,86978560,1
2026-09-04T10:28:49Z,emailservice,15,87539712,1
2026-09-04T10:28:49Z,adservice,36,215404544,1
2026-09-04T10:28:49Z,redis-cart,12,32747520,1
2026-09-04T10:28:54Z,frontend,190,46833664,1
2026-09-04T10:28:54Z,cartservice,38,78630912,1
2026-09-04T10:28:54Z,checkoutservice,95,17956864,1
2026-09-04T10:28:54Z,productcatalogservice,81,35639296,1
2026-09-04T10:28:54Z,paymentservice,9,34529280,1
2026-09-04T10:28:54Z,recommendationservice,121,96223232,1
2026-09-04T10:28:54Z,shippingservice,19,29138944,1
2026-09-04T10:28:54Z,currencyservice,65,87281664,1
2026-09-04T10:28:54Z,emailservice,15,87539712,1
2026-09-04T10:28:54Z,adservice,36,215486464,1
2026-09-04T10:28:54Z,redis-cart,8,32747520,1
2026-09-04T10:28:59Z,frontend,190,46555136,1
2026-09-04T10:28:59Z,cartservice,38,78630912,1
2026-09-04T10:28:59Z,checkoutservice,95,19718144,1
2026-09-04T10:28:59Z,productcatalogservice,81,35442688,1
2026-09-04T10:28:59Z,paymentservice,9,34594816,1
2026-09-04T10:28:59Z,recommendationservice,121,96223232,1
2026-09-04T10:28:59Z,shippingservice,19,28762112,1
2026-09-04T10:28:59Z,currencyservice,65,87027712,1
2026-09-04T10:28:59Z,emailservice,15,87539712,1
2026-09-04T10:28:59Z,adservice,36,215486464,1
2026-09-04T10:28:59Z,redis-cart,8,32747520,1
2026-09-04T10:29:04Z,frontend,186,47181824,1
2026-09-04T10:29:04Z,cartservice,38,77926400,1
2026-09-04T10:29:04Z,checkoutservice,93,18092032,1
2026-09-04T10:29:04Z,productcatalogservice,78,35397632,1
2026-09-04T10:29:04Z,paymentservice,8,34684928,1
2026-09-04T10:29:04Z,recommendationservice,117,96223232,1
2026-09-04T10:29:04Z,shippingservice,20,29634560,1
2026-09-04T10:29:04Z,currencyservice,61,87437312,1
2026-09-04T10:29:04Z,emailservice,15,87539712,1
2026-09-04T10:29:04Z,adservice,32,215318528,1
2026-09-04T10:29:04Z,redis-cart,8,32747520,1
2026-09-04T10:29:09Z,frontend,185,48320512,1
2026-09-04T10:29:09Z,cartservice,35,77926400,1
2026-09-04T10:29:09Z,checkoutservice,93,17932288,1
2026-09-04T10:29:09Z,productcatalogservice,79,35598336,1
2026-09-04T10:29:09Z,paymentservice,7,34742272,1
2026-09-04T10:29:09Z,recommendationservice,119,96227328,1
2026-09-04T10:29:09Z,shippingservice,20,29777920,1
2026-09-04T10:29:09Z,currencyservice,64,87003136,1
2026-09-04T10:29:09Z,emailservice,14,87539712,1
2026-09-04T10:29:09Z,adservice,34,215396352,1
2026-09-04T10:29:09Z,redis-cart,8,32751616,1
2026-09-04T10:29:15Z,frontend,185,46071808,1
2026-09-04T10:29:15Z,cartservice,35,77963264,1
2026-09-04T10:29:15Z,checkoutservice,93,18812928,1
2026-09-04T10:29:15Z,productcatalogservice,79,33800192,1
2026-09-04T10:29:15Z,paymentservice,7,34861056,1
2026-09-04T10:29:15Z,recommendationservice,119,96231424,1
2026-09-04T10:29:15Z,shippingservice,20,29605888,1
2026-09-04T10:29:15Z,currencyservice,64,87441408,1
2026-09-04T10:29:15Z,emailservice,14,87539712,1
2026-09-04T10:29:15Z,adservice,34,215400448,1
2026-09-04T10:29:15Z,redis-cart,8,32751616,1
2026-09-04T10:29:20Z,frontend,194,47357952,1
2026-09-04T10:29:20Z,cartservice,42,78049280,1
2026-09-04T10:29:20Z,checkoutservice,94,17367040,1
2026-09-04T10:29:20Z,productcatalogservice,81,34918400,1
2026-09-04T10:29:20Z,paymentservice,9,34947072,1
2026-09-04T10:29:20Z,recommendationservice,123,96243712,1
2026-09-04T10:29:20Z,shippingservice,21,30105600,1
2026-09-04T10:29:20Z,currencyservice,65,87494656,1
2026-09-04T10:29:20Z,emailservice,15,87539712,1
2026-09-04T10:29:20Z,adservice,37,215543808,1
2026-09-04T10:29:20Z,redis-cart,8,32755712,1
2026-09-04T10:29:25Z,frontend,194,48050176,1
2026-09-04T10:29:25Z,cartservice,42,78057472,1
2026-09-04T10:29:25Z,checkoutservice,94,18358272,1
2026-09-04T10:29:25Z,productcatalogservice,81,33804288,1
2026-09-04T10:29:25Z,paymentservice,9,35131392,1
2026-09-04T10:29:25Z,recommendationservice,123,96243712,1
2026-09-04T10:29:25Z,shippingservice,21,29859840,1
2026-09-04T10:29:25Z,currencyservice,65,87855104,1
2026-09-04T10:29:25Z,emailservice,15,87539712,1
2026-09-04T10:29:25Z,adservice,37,215547904,1
2026-09-04T10:29:25Z,redis-cart,8,32759808,1
2026-09-04T10:29:30Z,frontend,185,47009792,1
2026-09-04T10:29:30Z,cartservice,39,78057472,1
2026-09-04T10:29:30Z,checkoutservice,96,18165760,1
2026-09-04T10:29:30Z,productcatalogservice,80,35676160,1
2026-09-04T10:29:30Z,paymentservice,9,35192832,1
2026-09-04T10:29:30Z,recommendationservice,119,96243712,1
2026-09-04T10:29:30Z,shippingservice,19,30199808,1
2026-09-04T10:29:30Z,currencyservice,58,86933504,1
2026-09-04T10:29:30Z,emailservice,15,87539712,1
2026-09-04T10:29:30Z,adservice,32,215547904,1
2026-09-04T10:29:30Z,redis-cart,8,32759808,1
2026-09-04T10:29:36Z,frontend,185,47951872,1
2026-09-04T10:29:36Z,cartservice,39,78065664,1
2026-09-04T10:29:36Z,checkoutservice,96,18268160,1
2026-09-04T10:29:36Z,productcatalogservice,80,35422208,1
2026-09-04T10:29:36Z,paymentservice,9,35287040,1
2026-09-04T10:29:36Z,recommendationservice,119,96276480,1
2026-09-04T10:29:36Z,shippingservice,19,29933568,1
2026-09-04T10:29:36Z,currencyservice,58,87293952,1
2026-09-04T10:29:36Z,emailservice,15,87539712,1
2026-09-04T10:29:36Z,adservice,32,215855104,1
2026-09-04T10:29:36Z,redis-cart,8,32759808,1
2026-09-04T10:29:41Z,frontend,185,47906816,1
2026-09-04T10:29:41Z,cartservice,36,78000128,1
2026-09-04T10:29:41Z,checkoutservice,93,17879040,1
2026-09-04T10:29:41Z,productcatalogservice,79,35639296,1
2026-09-04T10:29:41Z,paymentservice,8,35368960,1
2026-09-04T10:29:41Z,recommendationservice,120,96276480,1
2026-09-04T10:29:41Z,shippingservice,19,29741056,1
2026-09-04T10:29:41Z,currencyservice,61,86634496,1
2026-09-04T10:29:41Z,emailservice,15,87539712,1
2026-09-04T10:29:41Z,adservice,34,215855104,1
2026-09-04T10:29:41Z,redis-cart,8,32759808,1
2026-09-04T10:29:46Z,frontend,185,46944256,1
2026-09-04T10:29:46Z,cartservice,36,77967360,1
2026-09-04T10:29:46Z,checkoutservice,93,17584128,1
2026-09-04T10:29:46Z,productcatalogservice,79,35635200,1
2026-09-04T10:29:46Z,paymentservice,8,35487744,1
2026-09-04T10:29:46Z,recommendationservice,120,96276480,1
2026-09-04T10:29:46Z,shippingservice,19,29822976,1
2026-09-04T10:29:46Z,currencyservice,61,86994944,1
2026-09-04T10:29:46Z,emailservice,15,87539712,1
2026-09-04T10:29:46Z,adservice,34,215932928,1
2026-09-04T10:29:46Z,redis-cart,8,32759808,1
2026-09-04T10:29:51Z,frontend,188,47054848,1
2026-09-04T10:29:51Z,cartservice,42,77967360,1
2026-09-04T10:29:51Z,checkoutservice,95,18231296,1
2026-09-04T10:29:51Z,productcatalogservice,79,34332672,1
2026-09-04T10:29:51Z,paymentservice,8,35565568,1
2026-09-04T10:29:51Z,recommendationservice,116,96276480,1
2026-09-04T10:29:51Z,shippingservice,19,29679616,1
2026-09-04T10:29:51Z,currencyservice,60,87457792,1
2026-09-04T10:29:51Z,emailservice,15,87539712,1
2026-09-04T10:29:51Z,adservice,35,215932928,1
2026-09-04T10:29:51Z,redis-cart,8,32759808,1
2026-09-04T10:29:57Z,frontend,188,47874048,1
2026-09-04T10:29:57Z,cartservice,42,77877248,1
2026-09-04T10:29:57Z,checkoutservice,95,18075648,1
2026-09-04T10:29:57Z,productcatalogservice,79,33697792,1
2026-09-04T10:29:57Z,paymentservice,8,35651584,1
2026-09-04T10:29:57Z,recommendationservice,116,96301056,1
2026-09-04T10:29:57Z,shippingservice,19,29954048,1
2026-09-04T10:29:57Z,currencyservice,60,87355392,1
2026-09-04T10:29:57Z,emailservice,15,87539712,1
2026-09-04T10:29:57Z,adservice,35,215932928,1
2026-09-04T10:29:57Z,redis-cart,8,32788480,1
2026-09-04T10:30:02Z,frontend,181,47345664,1
2026-09-04T10:30:02Z,cartservice,38,77877248,1
2026-09-04T10:30:02Z,checkoutservice,96,18239488,1
2026-09-04T10:30:02Z,productcatalogservice,78,35766272,1
2026-09-04T10:30:02Z,paymentservice,8,35737600,1
2026-09-04T10:30:02Z,recommendationservice,119,96301056,1
2026-09-04T10:30:02Z,shippingservice,20,29675520,1
2026-09-04T10:30:02Z,currencyservice,58,87937024,1
2026-09-04T10:30:02Z,emailservice,15,87539712,1
2026-09-04T10:30:02Z,adservice,37,216023040,1
2026-09-04T10:30:02Z,redis-cart,12,32788480,1
2026-09-04T10:30:07Z,frontend,181,47992832,1
2026-09-04T10:30:07Z,cartservice,38,77541376,1
2026-09-04T10:30:07Z,checkoutservice,96,17620992,1
2026-09-04T10:30:07Z,productcatalogservice,78,35336192,1
2026-09-04T10:30:07Z,paymentservice,8,35811328,1
2026-09-04T10:30:07Z,recommendationservice,119,96301056,1
2026-09-04T10:30:07Z,shippingservice,20,29097984,1
2026-09-04T10:30:07Z,currencyservice,58,87674880,1
2026-09-04T10:30:07Z,emailservice,15,87539712,1
2026-09-04T10:30:07Z,adservice,37,216027136,1
2026-09-04T10:30:07Z,redis-cart,12,32784384,1
2026-09-04T10:30:12Z,frontend,190,47276032,1
2026-09-04T10:30:12Z,cartservice,39,77541376,1
2026-09-04T10:30:12Z,checkoutservice,96,17719296,1
2026-09-04T10:30:12Z,productcatalogservice,81,35774464,1
2026-09-04T10:30:12Z,paymentservice,8,35979264,1
2026-09-04T10:30:12Z,recommendationservice,121,96301056,1
2026-09-04T10:30:12Z,shippingservice,20,29679616,1
2026-09-04T10:30:12Z,currencyservice,60,88104960,1
2026-09-04T10:30:12Z,emailservice,15,87539712,1
2026-09-04T10:30:12Z,adservice,36,216100864,1
2026-09-04T10:30:12Z,redis-cart,8,32784384,1
2026-09-04T10:30:18Z,frontend,190,45797376,1
2026-09-04T10:30:18Z,cartservice,39,77320192,1
2026-09-04T10:30:18Z,checkoutservice,96,18178048,1
2026-09-04T10:30:18Z,productcatalogservice,81,35237888,1
2026-09-04T10:30:18Z,paymentservice,8,35962880,1
2026-09-04T10:30:18Z,recommendationservice,121,96301056,1
2026-09-04T10:30:18Z,shippingservice,20,29261824,1
2026-09-04T10:30:18Z,currencyservice,60,87400448,1
2026-09-04T10:30:18Z,emailservice,15,87539712,1
2026-09-04T10:30:18Z,adservice,36,216100864,1
2026-09-04T10:30:18Z,redis-cart,8,32780288,1
2026-09-04T10:30:23Z,frontend,200,47005696,1
2026-09-04T10:30:23Z,cartservice,37,77320192,1
2026-09-04T10:30:23Z,checkoutservice,95,17707008,1
2026-09-04T10:30:23Z,productcatalogservice,85,35594240,1
2026-09-04T10:30:23Z,paymentservice,8,36073472,1
2026-09-04T10:30:23Z,recommendationservice,128,96301056,1
2026-09-04T10:30:23Z,shippingservice,22,29065216,1
2026-09-04T10:30:23Z,currencyservice,67,87846912,1
2026-09-04T10:30:23Z,emailservice,15,87539712,1
2026-09-04T10:30:23Z,adservice,40,215916544,1
2026-09-04T10:30:23Z,redis-cart,8,32780288,1
2026-09-04T10:30:28Z,frontend,200,47427584,1
2026-09-04T10:30:28Z,cartservice,37,77156352,1
2026-09-04T10:30:28Z,checkoutservice,95,17444864,1
2026-09-04T10:30:28Z,productcatalogservice,85,35217408,1
2026-09-04T10:30:28Z,paymentservice,8,36139008,1
2026-09-04T10:30:28Z,recommendationservice,128,96305152,1
2026-09-04T10:30:28Z,shippingservice,22,29097984,1
2026-09-04T10:30:28Z,currencyservice,67,86421504,1
2026-09-04T10:30:28Z,emailservice,15,87539712,1
2026-09-04T10:30:28Z,adservice,40,215994368,1
2026-09-04T10:30:28Z,redis-cart,8,32780288,1
2026-09-04T10:30:33Z,frontend,196,46780416,1
2026-09-04T10:30:33Z,cartservice,42,77168640,1
2026-09-04T10:30:33Z,checkoutservice,98,18006016,1
2026-09-04T10:30:33Z,productcatalogservice,82,35942400,1
2026-09-04T10:30:33Z,paymentservice,9,32219136,1
2026-09-04T10:30:33Z,recommendationservice,121,96313344,1
2026-09-04T10:30:33Z,shippingservice,21,29560832,1
2026-09-04T10:30:33Z,currencyservice,66,86704128,1
2026-09-04T10:30:33Z,emailservice,16,87539712,1
2026-09-04T10:30:33Z,adservice,35,216010752,1
2026-09-04T10:30:33Z,redis-cart,8,32780288,1
2026-09-04T10:30:38Z,frontend,196,46129152,1
2026-09-04T10:30:38Z,cartservice,42,77066240,1
2026-09-04T10:30:38Z,checkoutservice,98,18399232,1
2026-09-04T10:30:38Z,productcatalogservice,82,33767424,1
2026-09-04T10:30:38Z,paymentservice,9,32243712,1
2026-09-04T10:30:38Z,recommendationservice,121,96313344,1
2026-09-04T10:30:38Z,shippingservice,21,29974528,1
2026-09-04T10:30:38Z,currencyservice,66,87572480,1
2026-09-04T10:30:38Z,emailservice,16,87539712,1
2026-09-04T10:30:38Z,adservice,35,216100864,1
2026-09-04T10:30:38Z,redis-cart,8,32780288,1
2026-09-04T10:30:44Z,frontend,188,46800896,1
2026-09-04T10:30:44Z,cartservice,43,77074432,1
2026-09-04T10:30:44Z,checkoutservice,96,18726912,1
2026-09-04T10:30:44Z,productcatalogservice,80,35328000,1
2026-09-04T10:30:44Z,paymentservice,12,32301056,1
2026-09-04T10:30:44Z,recommendationservice,120,96313344,1
2026-09-04T10:30:44Z,shippingservice,20,29859840,1
2026-09-04T10:30:44Z,currencyservice,61,87232512,1
2026-09-04T10:30:44Z,emailservice,15,87539712,1
2026-09-04T10:30:44Z,adservice,38,216100864,1
2026-09-04T10:30:44Z,redis-cart,8,32780288,1
2026-09-04T10:30:49Z,frontend,188,47673344,1
2026-09-04T10:30:49Z,cartservice,43,77033472,1
2026-09-04T10:30:49Z,checkoutservice,96,18235392,1
2026-09-04T10:30:49Z,productcatalogservice,80,33677312,1
2026-09-04T10:30:49Z,paymentservice,12,32309248,1
2026-09-04T10:30:49Z,recommendationservice,120,96313344,1
2026-09-04T10:30:49Z,shippingservice,20,29458432,1
2026-09-04T10:30:49Z,currencyservice,61,87494656,1
2026-09-04T10:30:49Z,emailservice,15,87539712,1
2026-09-04T10:30:49Z,adservice,38,216178688,1
2026-09-04T10:30:49Z,redis-cart,8,32780288,1
2026-09-04T10:30:54Z,frontend,191,47984640,1
2026-09-04T10:30:54Z,cartservice,38,76992512,1
2026-09-04T10:30:54Z,checkoutservice,97,19066880,1
2026-09-04T10:30:54Z,productcatalogservice,79,35356672,1
2026-09-04T10:30:54Z,paymentservice,8,32346112,1
2026-09-04T10:30:54Z,recommendationservice,113,96313344,1
2026-09-04T10:30:54Z,shippingservice,20,29753344,1
2026-09-04T10:30:54Z,currencyservice,61,87232512,1
2026-09-04T10:30:54Z,emailservice,15,87539712,1
2026-09-04T10:30:54Z,adservice,36,216268800,1
2026-09-04T10:30:54Z,redis-cart,8,32780288,1
2026-09-04T10:30:59Z,frontend,191,47513600,1
2026-09-04T10:30:59Z,cartservice,38,76955648,1
2026-09-04T10:30:59Z,checkoutservice,97,18046976,1
2026-09-04T10:30:59Z,productcatalogservice,79,35966976,1
2026-09-04T10:30:59Z,paymentservice,8,32378880,1
2026-09-04T10:30:59Z,recommendationservice,113,96313344,1
2026-09-04T10:30:59Z,shippingservice,20,29741056,1
2026-09-04T10:30:59Z,currencyservice,61,87724032,1
2026-09-04T10:30:59Z,emailservice,15,87539712,1
2026-09-04T10:30:59Z,adservice,36,216276992,1
2026-09-04T10:30:59Z,redis-cart,8,32780288,1
2026-09-04T10:31:05Z,frontend,196,46546944,1
2026-09-04T10:31:05Z,cartservice,39,76955648,1
2026-09-04T10:31:05Z,checkoutservice,95,19161088,1
2026-09-04T10:31:05Z,productcatalogservice,84,35057664,1
2026-09-04T10:31:05Z,paymentservice,7,32432128,1
2026-09-04T10:31:05Z,recommendationservice,130,96313344,1
2026-09-04T10:31:05Z,shippingservice,21,29298688,1
2026-09-04T10:31:05Z,currencyservice,66,87302144,1
2026-09-04T10:31:05Z,emailservice,14,87572480,1
2026-09-04T10:31:05Z,adservice,33,216453120,1
2026-09-04T10:31:05Z,redis-cart,8,32780288,1
2026-09-04T10:31:10Z,frontend,202,47116288,1
2026-09-04T10:31:10Z,cartservice,43,76861440,1
2026-09-04T10:31:10Z,checkoutservice,97,17920000,1
2026-09-04T10:31:10Z,productcatalogservice,89,35266560,1
2026-09-04T10:31:10Z,paymentservice,9,32440320,1
2026-09-04T10:31:10Z,recommendationservice,139,96317440,1
2026-09-04T10:31:10Z,shippingservice,21,30306304,1
2026-09-04T10:31:10Z,currencyservice,68,87773184,1
2026-09-04T10:31:10Z,emailservice,16,87572480,1
2026-09-04T10:31:10Z,adservice,41,216457216,1
2026-09-04T10:31:10Z,redis-cart,12,32800768,1
2026-09-04T10:31:15Z,frontend,202,46997504,1
2026-09-04T10:31:15Z,cartservice,43,76861440,1
2026-09-04T10:31:15Z,checkoutservice,97,19202048,1
2026-09-04T10:31:15Z,productcatalogservice,89,35405824,1
2026-09-04T10:31:15Z,paymentservice,9,32452608,1
2026-09-04T10:31:15Z,recommendationservice,139,96325632,1
2026-09-04T10:31:15Z,shippingservice,21,29605888,1
2026-09-04T10:31:15Z,currencyservice,68,87187456,1
2026-09-04T10:31:15Z,emailservice,16,87572480,1
2026-09-04T10:31:15Z,adservice,41,216760320,1
2026-09-04T10:31:15Z,redis-cart,12,32800768,1
2026-09-04T10:31:20Z,frontend,223,47149056,1
2026-09-04T10:31:20Z,cartservice,42,76828672,1
2026-09-04T10:31:20Z,checkoutservice,95,20144128,1
2026-09-04T10:31:20Z,productcatalogservice,95,35655680,1
2026-09-04T10:31:20Z,paymentservice,8,32456704,1
2026-09-04T10:31:20Z,recommendationservice,148,96325632,1
2026-09-04T10:31:20Z,shippingservice,24,29470720,1
2026-09-04T10:31:20Z,currencyservice,73,87592960,1
2026-09-04T10:31:20Z,emailservice,16,87609344,1
2026-09-04T10:31:20Z,adservice,45,216784896,1
2026-09-04T10:31:20Z,redis-cart,10,32800768,1
2026-09-04T10:31:26Z,frontend,223,45903872,1
2026-09-04T10:31:26Z,cartservice,42,76828672,1
2026-09-04T10:31:26Z,checkoutservice,95,19914752,1
2026-09-04T10:31:26Z,productcatalogservice,95,35512320,1
2026-09-04T10:31:26Z,paymentservice,8,32456704,1
2026-09-04T10:31:26Z,recommendationservice,148,96342016,1
2026-09-04T10:31:26Z,shippingservice,24,29859840,1
2026-09-04T10:31:26Z,currencyservice,73,87044096,1
2026-09-04T10:31:26Z,emailservice,16,87609344,1
2026-09-04T10:31:26Z,adservice,45,216784896,1
2026-09-04T10:31:26Z,redis-cart,10,32800768,1
2026-09-04T10:31:31Z,frontend,331,48066560,1
2026-09-04T10:31:31Z,cartservice,55,76746752,1
2026-09-04T10:31:31Z,checkoutservice,94,20238336,1
2026-09-04T10:31:31Z,productcatalogservice,133,35164160,1
2026-09-04T10:31:31Z,paymentservice,11,32468992,1
2026-09-04T10:31:31Z,recommendationservice,221,96342016,1
2026-09-04T10:31:31Z,shippingservice,33,29515776,1
2026-09-04T10:31:31Z,currencyservice,110,87629824,1
2026-09-04T10:31:31Z,emailservice,22,87609344,1
2026-09-04T10:31:31Z,adservice,59,217083904,1
2026-09-04T10:31:31Z,redis-cart,12,32800768,1
2026-09-04T10:31:36Z,frontend,331,47763456,1
2026-09-04T10:31:36Z,cartservice,55,76779520,1
2026-09-04T10:31:36Z,checkoutservice,94,19623936,1
2026-09-04T10:31:36Z,productcatalogservice,133,34250752,1
2026-09-04T10:31:36Z,paymentservice,11,32473088,1
2026-09-04T10:31:36Z,recommendationservice,221,96342016,1
2026-09-04T10:31:36Z,shippingservice,33,29368320,1
2026-09-04T10:31:36Z,currencyservice,110,87212032,1
2026-09-04T10:31:36Z,emailservice,22,87613440,1
2026-09-04T10:31:36Z,adservice,59,217083904,1
2026-09-04T10:31:36Z,redis-cart,12,32800768,1
2026-09-04T10:31:41Z,frontend,315,45551616,1
2026-09-04T10:31:41Z,cartservice,60,76767232,1
2026-09-04T10:31:41Z,checkoutservice,0,8335360,1
2026-09-04T10:31:41Z,productcatalogservice,127,35352576,1
2026-09-04T10:31:41Z,paymentservice,12,32473088,1
2026-09-04T10:31:41Z,recommendationservice,215,96342016,1
2026-09-04T10:31:41Z,shippingservice,32,30302208,1
2026-09-04T10:31:41Z,currencyservice,107,87408640,1
2026-09-04T10:31:41Z,emailservice,23,87613440,1
2026-09-04T10:31:41Z,adservice,70,217149440,1
2026-09-04T10:31:41Z,redis-cart,12,32800768,1
2026-09-04T10:31:47Z,frontend,315,46641152,1
2026-09-04T10:31:47Z,cartservice,60,76898304,1
2026-09-04T10:31:47Z,checkoutservice,0,15597568,1
2026-09-04T10:31:47Z,productcatalogservice,127,35586048,1
2026-09-04T10:31:47Z,paymentservice,12,32481280,1
2026-09-04T10:31:47Z,recommendationservice,215,96477184,1
2026-09-04T10:31:47Z,shippingservice,32,29769728,1
2026-09-04T10:31:47Z,currencyservice,107,87171072,1
2026-09-04T10:31:47Z,emailservice,23,87646208,1
2026-09-04T10:31:47Z,adservice,70,217157632,1
2026-09-04T10:31:47Z,redis-cart,12,32800768,1
2026-09-04T10:31:52Z,frontend,325,47767552,1
2026-09-04T10:31:52Z,cartservice,70,77037568,1
2026-09-04T10:31:52Z,checkoutservice,0,15298560,1
2026-09-04T10:31:52Z,productcatalogservice,133,34590720,1
2026-09-04T10:31:52Z,paymentservice,11,32489472,1
2026-09-04T10:31:52Z,recommendationservice,231,96342016,1
2026-09-04T10:31:52Z,shippingservice,29,29782016,1
2026-09-04T10:31:52Z,currencyservice,111,87449600,1
2026-09-04T10:31:52Z,emailservice,19,87646208,1
2026-09-04T10:31:52Z,adservice,68,217247744,1
2026-09-04T10:31:52Z,redis-cart,12,32800768,1
2026-09-04T10:31:57Z,frontend,325,48308224,1
2026-09-04T10:31:57Z,cartservice,70,77045760,1
2026-09-04T10:31:57Z,checkoutservice,0,14508032,1
2026-09-04T10:31:57Z,productcatalogservice,133,35696640,1
2026-09-04T10:31:57Z,paymentservice,11,32493568,1
2026-09-04T10:31:57Z,recommendationservice,231,96342016,1
2026-09-04T10:31:57Z,shippingservice,29,29904896,1
2026-09-04T10:31:57Z,currencyservice,111,87134208,1
2026-09-04T10:31:57Z,emailservice,19,87646208,1
2026-09-04T10:31:57Z,adservice,68,217247744,1
2026-09-04T10:31:57Z,redis-cart,12,32800768,1
2026-09-04T10:32:03Z,frontend,342,44564480,1
2026-09-04T10:32:03Z,cartservice,77,77049856,1
2026-09-04T10:32:03Z,checkoutservice,94,16609280,1
2026-09-04T10:32:03Z,productcatalogservice,141,35045376,1
2026-09-04T10:32:03Z,paymentservice,13,32497664,1
2026-09-04T10:32:03Z,recommendationservice,250,96309248,1
2026-09-04T10:32:03Z,shippingservice,35,29753344,1
2026-09-04T10:32:03Z,currencyservice,122,87449600,1
2026-09-04T10:32:03Z,emailservice,23,87674880,1
2026-09-04T10:32:03Z,adservice,65,217055232,1
2026-09-04T10:32:03Z,redis-cart,12,32800768,1
2026-09-04T10:32:08Z,frontend,342,47271936,1
2026-09-04T10:32:08Z,cartservice,77,77094912,1
2026-09-04T10:32:08Z,checkoutservice,94,15921152,1
2026-09-04T10:32:08Z,productcatalogservice,141,35500032,1
2026-09-04T10:32:08Z,paymentservice,13,32514048,1
2026-09-04T10:32:08Z,recommendationservice,250,96309248,1
2026-09-04T10:32:08Z,shippingservice,35,29782016,1
2026-09-04T10:32:08Z,currencyservice,122,87130112,1
2026-09-04T10:32:08Z,emailservice,23,87674880,1
2026-09-04T10:32:08Z,adservice,65,217260032,1
2026-09-04T10:32:08Z,redis-cart,12,32800768,1
2026-09-04T10:32:13Z,frontend,306,47595520,1
2026-09-04T10:32:13Z,cartservice,68,77090816,1
2026-09-04T10:32:13Z,checkoutservice,93,16171008,1
2026-09-04T10:32:13Z,productcatalogservice,124,35397632,1
2026-09-04T10:32:13Z,paymentservice,12,32522240,1
2026-09-04T10:32:13Z,recommendationservice,216,96309248,1
2026-09-04T10:32:13Z,shippingservice,33,29425664,1
2026-09-04T10:32:13Z,currencyservice,107,88305664,1
2026-09-04T10:32:13Z,emailservice,26,87678976,1
2026-09-04T10:32:13Z,adservice,74,217260032,1
2026-09-04T10:32:13Z,redis-cart,12,32800768,1
2026-09-04T10:32:18Z,frontend,306,48046080,1
2026-09-04T10:32:18Z,cartservice,68,77074432,1
2026-09-04T10:32:18Z,checkoutservice,93,16068608,1
2026-09-04T10:32:18Z,productcatalogservice,124,35958784,1
2026-09-04T10:32:18Z,paymentservice,12,32530432,1
2026-09-04T10:32:18Z,recommendationservice,216,96309248,1
2026-09-04T10:32:18Z,shippingservice,33,30113792,1
2026-09-04T10:32:18Z,currencyservice,107,88690688,1
2026-09-04T10:32:18Z,emailservice,26,87715840,1
2026-09-04T10:32:18Z,adservice,74,217387008,1
2026-09-04T10:32:18Z,redis-cart,12,32800768,1
2026-09-04T10:32:24Z,frontend,308,46587904,1
2026-09-04T10:32:24Z,cartservice,69,77074432,1
2026-09-04T10:32:24Z,checkoutservice,94,15650816,1
2026-09-04T10:32:24Z,productcatalogservice,129,35999744,1
2026-09-04T10:32:24Z,paymentservice,13,32661504,1
2026-09-04T10:32:24Z,recommendationservice,237,96309248,1
2026-09-04T10:32:24Z,shippingservice,35,29298688,1
2026-09-04T10:32:24Z,currencyservice,106,87003136,1
2026-09-04T10:32:24Z,emailservice,22,87719936,1
2026-09-04T10:32:24Z,adservice,70,221208576,1
2026-09-04T10:32:24Z,redis-cart,12,32800768,1
2026-09-04T10:32:29Z,frontend,308,45826048,1
2026-09-04T10:32:29Z,cartservice,69,77082624,1
2026-09-04T10:32:29Z,checkoutservice,94,19206144,1
2026-09-04T10:32:29Z,productcatalogservice,129,34828288,1
2026-09-04T10:32:29Z,paymentservice,13,32538624,1
2026-09-04T10:32:29Z,recommendationservice,237,96309248,1
2026-09-04T10:32:29Z,shippingservice,35,28975104,1
2026-09-04T10:32:29Z,currencyservice,106,87531520,1
2026-09-04T10:32:29Z,emailservice,22,87719936,1
2026-09-04T10:32:29Z,adservice,70,221208576,1
2026-09-04T10:32:29Z,redis-cart,12,32800768,1
2026-09-04T10:32:34Z,frontend,304,47034368,1
2026-09-04T10:32:34Z,cartservice,69,77221888,1
2026-09-04T10:32:34Z,checkoutservice,94,15769600,1
2026-09-04T10:32:34Z,productcatalogservice,121,35520512,1
2026-09-04T10:32:34Z,paymentservice,12,32542720,1
2026-09-04T10:32:34Z,recommendationservice,187,96313344,1
2026-09-04T10:32:34Z,shippingservice,28,29536256,1
2026-09-04T10:32:34Z,currencyservice,104,86999040,1
2026-09-04T10:32:34Z,emailservice,21,87728128,1
2026-09-04T10:32:34Z,adservice,58,221208576,1
2026-09-04T10:32:34Z,redis-cart,17,32866304,1
2026-09-04T10:32:39Z,frontend,304,47489024,1
2026-09-04T10:32:39Z,cartservice,69,77221888,1
2026-09-04T10:32:39Z,checkoutservice,94,19935232,1
2026-09-04T10:32:39Z,productcatalogservice,121,33787904,1
2026-09-04T10:32:39Z,paymentservice,12,32567296,1
2026-09-04T10:32:39Z,recommendationservice,187,96313344,1
2026-09-04T10:32:39Z,shippingservice,28,29097984,1
2026-09-04T10:32:39Z,currencyservice,104,87396352,1
2026-09-04T10:32:39Z,emailservice,21,87744512,1
2026-09-04T10:32:39Z,adservice,58,221208576,1
2026-09-04T10:32:39Z,redis-cart,17,32866304,1
2026-09-04T10:32:45Z,frontend,280,46727168,1
2026-09-04T10:32:45Z,cartservice,65,77512704,1
2026-09-04T10:32:45Z,checkoutservice,94,16912384,1
2026-09-04T10:32:45Z,productcatalogservice,117,34377728,1
2026-09-04T10:32:45Z,paymentservice,12,32575488,1
2026-09-04T10:32:45Z,recommendationservice,182,96313344,1
2026-09-04T10:32:45Z,shippingservice,27,30470144,1
2026-09-04T10:32:45Z,currencyservice,95,86921216,1
2026-09-04T10:32:45Z,emailservice,21,87744512,1
2026-09-04T10:32:45Z,adservice,56,222625792,1
2026-09-04T10:32:45Z,redis-cart,11,32866304,1
2026-09-04T10:32:50Z,frontend,280,47984640,1
2026-09-04T10:32:50Z,cartservice,65,77541376,1
2026-09-04T10:32:50Z,checkoutservice,94,18182144,1
2026-09-04T10:32:50Z,productcatalogservice,117,34856960,1
2026-09-04T10:32:50Z,paymentservice,12,32575488,1
2026-09-04T10:32:50Z,recommendationservice,182,96313344,1
2026-09-04T10:32:50Z,shippingservice,27,29700096,1
2026-09-04T10:32:50Z,currencyservice,95,87031808,1
2026-09-04T10:32:50Z,emailservice,21,87744512,1
2026-09-04T10:32:50Z,adservice,56,222625792,1
2026-09-04T10:32:50Z,redis-cart,11,32866304,1
2026-09-04T10:32:55Z,frontend,301,47091712,1
2026-09-04T10:32:55Z,cartservice,73,77774848,1
2026-09-04T10:32:55Z,checkoutservice,97,17125376,1
2026-09-04T10:32:55Z,productcatalogservice,130,35528704,1
2026-09-04T10:32:55Z,paymentservice,14,32579584,1
2026-09-04T10:32:55Z,recommendationservice,202,96313344,1
2026-09-04T10:32:55Z,shippingservice,30,29057024,1
2026-09-04T10:32:55Z,currencyservice,101,87285760,1
2026-09-04T10:32:55Z,emailservice,19,87744512,1
2026-09-04T10:32:55Z,adservice,55,222625792,1
2026-09-04T10:32:55Z,redis-cart,11,32866304,1
2026-09-04T10:33:01Z,frontend,301,48324608,1
2026-09-04T10:33:01Z,cartservice,73,77791232,1
2026-09-04T10:33:01Z,checkoutservice,97,16879616,1
2026-09-04T10:33:01Z,productcatalogservice,130,35184640,1
2026-09-04T10:33:01Z,paymentservice,14,32591872,1
2026-09-04T10:33:01Z,recommendationservice,202,96337920,1
2026-09-04T10:33:01Z,shippingservice,30,29663232,1
2026-09-04T10:33:01Z,currencyservice,101,87744512,1
2026-09-04T10:33:01Z,emailservice,19,87752704,1
2026-09-04T10:33:01Z,adservice,55,222629888,1
2026-09-04T10:33:01Z,redis-cart,11,32866304,1
2026-09-04T10:33:06Z,frontend,286,48095232,1
2026-09-04T10:33:06Z,cartservice,66,77983744,1
2026-09-04T10:33:06Z,checkoutservice,89,16138240,1
2026-09-04T10:33:06Z,productcatalogservice,118,33865728,1
2026-09-04T10:33:06Z,paymentservice,12,32595968,1
2026-09-04T10:33:06Z,recommendationservice,193,96342016,1
2026-09-04T10:33:06Z,shippingservice,30,29466624,1
2026-09-04T10:33:06Z,currencyservice,92,87949312,1
2026-09-04T10:33:06Z,emailservice,20,87752704,1
2026-09-04T10:33:06Z,adservice,52,222732288,1
2026-09-04T10:33:06Z,redis-cart,10,32866304,1
2026-09-04T10:33:11Z,frontend,266,47910912,1
2026-09-04T10:33:11Z,cartservice,63,77983744,1
2026-09-04T10:33:11Z,checkoutservice,93,16252928,1
2026-09-04T10:33:11Z,productcatalogservice,111,35192832,1
2026-09-04T10:33:11Z,paymentservice,10,32600064,1
2026-09-04T10:33:11Z,recommendationservice,173,96342016,1
2026-09-04T10:33:11Z,shippingservice,28,29085696,1
2026-09-04T10:33:11Z,currencyservice,85,88424448,1
2026-09-04T10:33:11Z,emailservice,22,87752704,1
2026-09-04T10:33:11Z,adservice,49,222732288,1
2026-09-04T10:33:11Z,redis-cart,10,32866304,1
2026-09-04T10:33:16Z,frontend,266,48701440,1
2026-09-04T10:33:16Z,cartservice,63,77869056,1
2026-09-04T10:33:16Z,checkoutservice,93,16920576,1
2026-09-04T10:33:16Z,productcatalogservice,111,36212736,1
2026-09-04T10:33:16Z,paymentservice,10,32600064,1
2026-09-04T10:33:16Z,recommendationservice,173,96342016,1
2026-09-04T10:33:16Z,shippingservice,28,30203904,1
2026-09-04T10:33:16Z,currencyservice,85,87203840,1
2026-09-04T10:33:16Z,emailservice,22,87756800,1
2026-09-04T10:33:16Z,adservice,49,222752768,1
2026-09-04T10:33:16Z,redis-cart,10,32866304,1
2026-09-04T10:33:22Z,frontend,265,47529984,1
2026-09-04T10:33:22Z,cartservice,65,77869056,1
2026-09-04T10:33:22Z,checkoutservice,95,16556032,1
2026-09-04T10:33:22Z,productcatalogservice,108,33996800,1
2026-09-04T10:33:22Z,paymentservice,12,32604160,1
2026-09-04T10:33:22Z,recommendationservice,167,96350208,1
2026-09-04T10:33:22Z,shippingservice,29,29622272,1
2026-09-04T10:33:22Z,currencyservice,89,87715840,1
2026-09-04T10:33:22Z,emailservice,21,87756800,1
2026-09-04T10:33:22Z,adservice,54,222965760,1
2026-09-04T10:33:22Z,redis-cart,11,32866304,1
2026-09-04T10:33:27Z,frontend,265,47038464,1
2026-09-04T10:33:27Z,cartservice,65,77922304,1
2026-09-04T10:33:27Z,checkoutservice,95,16379904,1
2026-09-04T10:33:27Z,productcatalogservice,108,35962880,1
2026-09-04T10:33:27Z,paymentservice,12,32616448,1
2026-09-04T10:33:27Z,recommendationservice,167,96358400,1
2026-09-04T10:33:27Z,shippingservice,29,30416896,1
2026-09-04T10:33:27Z,currencyservice,89,88330240,1
2026-09-04T10:33:27Z,emailservice,21,87756800,1
2026-09-04T10:33:27Z,adservice,54,222965760,1
2026-09-04T10:33:27Z,redis-cart,11,32866304,1
2026-09-04T10:33:32Z,frontend,275,47849472,1
2026-09-04T10:33:32Z,cartservice,64,77881344,1
2026-09-04T10:33:32Z,checkoutservice,98,17362944,1
2026-09-04T10:33:32Z,productcatalogservice,111,35233792,1
2026-09-04T10:33:32Z,paymentservice,11,32620544,1
2026-09-04T10:33:32Z,recommendationservice,173,96382976,1
2026-09-04T10:33:32Z,shippingservice,28,29810688,1
2026-09-04T10:33:32Z,currencyservice,97,88723456,1
2026-09-04T10:33:32Z,emailservice,22,87756800,1
2026-09-04T10:33:32Z,adservice,53,222973952,1
2026-09-04T10:33:32Z,redis-cart,11,32866304,1
2026-09-04T10:33:37Z,frontend,275,47734784,1
2026-09-04T10:33:37Z,cartservice,64,77881344,1
2026-09-04T10:33:37Z,checkoutservice,98,17399808,1
2026-09-04T10:33:37Z,productcatalogservice,111,35168256,1
2026-09-04T10:33:37Z,paymentservice,11,32624640,1
2026-09-04T10:33:37Z,recommendationservice,173,96382976,1
2026-09-04T10:33:37Z,shippingservice,28,30064640,1
2026-09-04T10:33:37Z,currencyservice,97,87547904,1
2026-09-04T10:33:37Z,emailservice,22,87760896,1
2026-09-04T10:33:37Z,adservice,53,222973952,1
2026-09-04T10:33:37Z,redis-cart,11,32866304,1
2026-09-04T10:33:43Z,frontend,277,45957120,1
2026-09-04T10:33:43Z,cartservice,63,77852672,1
2026-09-04T10:33:43Z,productcatalogservice,116,35856384,1
2026-09-04T10:33:43Z,paymentservice,10,32624640,1
2026-09-04T10:33:43Z,recommendationservice,186,96382976,1
2026-09-04T10:33:43Z,shippingservice,29,30248960,1
2026-09-04T10:33:43Z,currencyservice,92,87891968,1
2026-09-04T10:33:43Z,emailservice,19,87760896,1
2026-09-04T10:33:43Z,adservice,51,222973952,1
2026-09-04T10:33:43Z,redis-cart,11,32866304,1
2026-09-04T10:33:48Z,frontend,277,45977600,1
2026-09-04T10:33:48Z,cartservice,63,77750272,1
2026-09-04T10:33:48Z,productcatalogservice,116,35262464,1
2026-09-04T10:33:48Z,paymentservice,10,32624640,1
2026-09-04T10:33:48Z,recommendationservice,186,96382976,1
2026-09-04T10:33:48Z,shippingservice,29,30183424,1
2026-09-04T10:33:48Z,currencyservice,92,87474176,1
2026-09-04T10:33:48Z,emailservice,19,87760896,1
2026-09-04T10:33:48Z,adservice,51,222978048,1
2026-09-04T10:33:48Z,redis-cart,11,32866304,1
2026-09-04T10:33:53Z,frontend,266,46821376,1
2026-09-04T10:33:53Z,cartservice,38,77754368,1
2026-09-04T10:33:53Z,productcatalogservice,117,35500032,1
2026-09-04T10:33:53Z,paymentservice,5,32624640,1
2026-09-04T10:33:53Z,recommendationservice,170,96382976,1
2026-09-04T10:33:53Z,shippingservice,22,30072832,1
2026-09-04T10:33:53Z,currencyservice,78,87797760,1
2026-09-04T10:33:53Z,emailservice,9,87764992,1
2026-09-04T10:33:53Z,adservice,53,222978048,1
2026-09-04T10:33:53Z,redis-cart,14,32866304,1
2026-09-04T10:33:58Z,frontend,266,46342144,1
2026-09-04T10:33:58Z,cartservice,38,77565952,1
2026-09-04T10:33:58Z,productcatalogservice,117,35360768,1
2026-09-04T10:33:58Z,paymentservice,5,32641024,1
2026-09-04T10:33:58Z,recommendationservice,170,96382976,1
2026-09-04T10:33:58Z,shippingservice,22,30056448,1
2026-09-04T10:33:58Z,currencyservice,78,88154112,1
2026-09-04T10:33:58Z,emailservice,9,87764992,1
2026-09-04T10:33:58Z,adservice,53,222978048,1
2026-09-04T10:33:58Z,redis-cart,14,32866304,1
2026-09-04T10:34:04Z,frontend,264,46166016,1
2026-09-04T10:34:04Z,cartservice,46,77426688,1
2026-09-04T10:34:04Z,productcatalogservice,112,35864576,1
2026-09-04T10:34:04Z,paymentservice,5,32661504,1
2026-09-04T10:34:04Z,recommendationservice,172,96382976,1
2026-09-04T10:34:04Z,shippingservice,19,29704192,1
2026-09-04T10:34:04Z,currencyservice,76,87777280,1
2026-09-04T10:34:04Z,emailservice,11,87764992,1
2026-09-04T10:34:04Z,adservice,53,222982144,1
2026-09-04T10:34:04Z,redis-cart,10,32866304,1
2026-09-04T10:34:09Z,frontend,264,48500736,1
2026-09-04T10:34:09Z,cartservice,46,77398016,1
2026-09-04T10:34:09Z,productcatalogservice,112,35590144,1
2026-09-04T10:34:09Z,paymentservice,5,32661504,1
2026-09-04T10:34:09Z,recommendationservice,172,96387072,1
2026-09-04T10:34:09Z,shippingservice,19,29757440,1
2026-09-04T10:34:09Z,currencyservice,76,88080384,1
2026-09-04T10:34:09Z,emailservice,11,87764992,1
2026-09-04T10:34:09Z,adservice,53,222720000,1
2026-09-04T10:34:09Z,redis-cart,10,32866304,1
2026-09-04T10:34:14Z,frontend,289,44580864,1
2026-09-04T10:34:14Z,cartservice,50,77377536,1
2026-09-04T10:34:14Z,productcatalogservice,121,35921920,1
2026-09-04T10:34:14Z,paymentservice,4,32698368,1
2026-09-04T10:34:14Z,recommendationservice,187,96387072,1
2026-09-04T10:34:14Z,shippingservice,21,29470720,1
2026-09-04T10:34:14Z,currencyservice,83,87633920,1
2026-09-04T10:34:14Z,emailservice,8,87764992,1
2026-09-04T10:34:14Z,adservice,50,222720000,1
2026-09-04T10:34:14Z,redis-cart,10,32870400,1
2026-09-04T10:34:19Z,frontend,289,46559232,1
2026-09-04T10:34:19Z,cartservice,50,77377536,1
2026-09-04T10:34:19Z,productcatalogservice,121,35450880,1
2026-09-04T10:34:19Z,paymentservice,4,32698368,1
2026-09-04T10:34:19Z,recommendationservice,187,96387072,1
2026-09-04T10:34:19Z,shippingservice,21,29696000,1
2026-09-04T10:34:19Z,currencyservice,83,88059904,1
2026-09-04T10:34:19Z,emailservice,8,87732224,1
2026-09-04T10:34:19Z,adservice,50,222720000,1
2026-09-04T10:34:19Z,redis-cart,10,32870400,1
2026-09-04T10:34:25Z,frontend,193,47591424,1
2026-09-04T10:34:25Z,cartservice,37,77377536,1
2026-09-04T10:34:25Z,productcatalogservice,82,35807232,1
2026-09-04T10:34:25Z,paymentservice,3,32722944,1
2026-09-04T10:34:25Z,recommendationservice,120,96387072,1
2026-09-04T10:34:25Z,shippingservice,14,30367744,1
2026-09-04T10:34:25Z,currencyservice,60,87601152,1
2026-09-04T10:34:25Z,emailservice,6,87732224,1
2026-09-04T10:34:25Z,adservice,34,222720000,1
2026-09-04T10:34:25Z,redis-cart,7,32870400,1
2026-09-04T10:34:30Z,frontend,193,46723072,1
2026-09-04T10:34:30Z,cartservice,37,77381632,1
2026-09-04T10:34:30Z,productcatalogservice,82,33959936,1
2026-09-04T10:34:30Z,paymentservice,3,32722944,1
2026-09-04T10:34:30Z,recommendationservice,120,96391168,1
2026-09-04T10:34:30Z,shippingservice,14,30076928,1
2026-09-04T10:34:30Z,currencyservice,60,88031232,1
2026-09-04T10:34:30Z,emailservice,6,87732224,1
2026-09-04T10:34:30Z,adservice,34,222720000,1
2026-09-04T10:34:30Z,redis-cart,7,32870400,1
2026-09-04T10:34:35Z,frontend,182,47722496,1
2026-09-04T10:34:35Z,cartservice,37,77385728,1
2026-09-04T10:34:35Z,productcatalogservice,79,36134912,1
2026-09-04T10:34:35Z,paymentservice,3,32755712,1
2026-09-04T10:34:35Z,recommendationservice,117,96391168,1
2026-09-04T10:34:35Z,shippingservice,14,30068736,1
2026-09-04T10:34:35Z,currencyservice,48,87576576,1
2026-09-04T10:34:35Z,emailservice,7,87732224,1
2026-09-04T10:34:35Z,adservice,33,222728192,1
2026-09-04T10:34:35Z,redis-cart,7,32870400,1
2026-09-04T10:34:40Z,frontend,182,45412352,1
2026-09-04T10:34:40Z,cartservice,37,77398016,1
2026-09-04T10:34:40Z,productcatalogservice,79,35917824,1
2026-09-04T10:34:40Z,paymentservice,3,32755712,1
2026-09-04T10:34:40Z,recommendationservice,117,96391168,1
2026-09-04T10:34:40Z,shippingservice,14,29409280,1
2026-09-04T10:34:40Z,currencyservice,48,87928832,1
2026-09-04T10:34:40Z,emailservice,7,87732224,1
2026-09-04T10:34:40Z,adservice,33,222728192,1
2026-09-04T10:34:40Z,redis-cart,7,32870400,1
2026-09-04T10:34:46Z,frontend,185,45805568,1
2026-09-04T10:34:46Z,cartservice,35,77410304,1
2026-09-04T10:34:46Z,productcatalogservice,81,35254272,1
2026-09-04T10:34:46Z,paymentservice,3,32677888,1
2026-09-04T10:34:46Z,recommendationservice,123,96391168,1
2026-09-04T10:34:46Z,shippingservice,13,30027776,1
2026-09-04T10:34:46Z,currencyservice,54,87506944,1
2026-09-04T10:34:46Z,emailservice,6,87732224,1
2026-09-04T10:34:46Z,adservice,33,222814208,1
2026-09-04T10:34:46Z,redis-cart,7,32870400,1
2026-09-04T10:34:51Z,frontend,185,46448640,1
2026-09-04T10:34:51Z,cartservice,35,77516800,1
2026-09-04T10:34:51Z,productcatalogservice,81,35635200,1
2026-09-04T10:34:51Z,paymentservice,3,32677888,1
2026-09-04T10:34:51Z,recommendationservice,123,96395264,1
2026-09-04T10:34:51Z,shippingservice,13,29794304,1
2026-09-04T10:34:51Z,currencyservice,54,87859200,1
2026-09-04T10:34:51Z,emailservice,6,87732224,1
2026-09-04T10:34:51Z,adservice,33,222842880,1
2026-09-04T10:34:51Z,redis-cart,7,32870400,1
2026-09-04T10:34:56Z,frontend,188,46231552,1
2026-09-04T10:34:56Z,cartservice,35,77516800,1
2026-09-04T10:34:56Z,productcatalogservice,81,36098048,1
2026-09-04T10:34:56Z,paymentservice,3,32686080,1
2026-09-04T10:34:56Z,recommendationservice,118,96415744,1
2026-09-04T10:34:56Z,shippingservice,14,29122560,1
2026-09-04T10:34:56Z,currencyservice,53,87404544,1
2026-09-04T10:34:56Z,emailservice,7,87732224,1
2026-09-04T10:34:56Z,adservice,41,222842880,1
2026-09-04T10:34:56Z,redis-cart,7,32870400,1
2026-09-04T10:35:01Z,frontend,188,46141440,1
2026-09-04T10:35:01Z,cartservice,35,77516800,1
2026-09-04T10:35:01Z,productcatalogservice,81,35397632,1
2026-09-04T10:35:01Z,paymentservice,3,32686080,1
2026-09-04T10:35:01Z,recommendationservice,118,96415744,1
2026-09-04T10:35:01Z,shippingservice,14,29630464,1
2026-09-04T10:35:01Z,currencyservice,53,87703552,1
2026-09-04T10:35:01Z,emailservice,7,87732224,1
2026-09-04T10:35:01Z,adservice,41,222842880,1
2026-09-04T10:35:01Z,redis-cart,7,32870400,1
2026-09-04T10:35:07Z,frontend,195,46583808,1
2026-09-04T10:35:07Z,cartservice,35,77418496,1
2026-09-04T10:35:07Z,productcatalogservice,84,34914304,1
2026-09-04T10:35:07Z,paymentservice,3,32698368,1
2026-09-04T10:35:07Z,recommendationservice,122,96415744,1
2026-09-04T10:35:07Z,shippingservice,15,30134272,1
2026-09-04T10:35:07Z,currencyservice,57,88170496,1
2026-09-04T10:35:07Z,emailservice,7,87732224,1
2026-09-04T10:35:07Z,adservice,37,222842880,1
2026-09-04T10:35:07Z,redis-cart,7,32870400,1
2026-09-04T10:35:12Z,frontend,188,46542848,1
2026-09-04T10:35:12Z,cartservice,34,77418496,1
2026-09-04T10:35:12Z,productcatalogservice,84,33902592,1
2026-09-04T10:35:12Z,paymentservice,3,32698368,1
2026-09-04T10:35:12Z,recommendationservice,123,96415744,1
2026-09-04T10:35:12Z,shippingservice,14,29728768,1
2026-09-04T10:35:12Z,currencyservice,55,88035328,1
2026-09-04T10:35:12Z,emailservice,6,87732224,1
2026-09-04T10:35:12Z,adservice,33,222842880,1
2026-09-04T10:35:12Z,redis-cart,7,32866304,1
2026-09-04T10:35:17Z,frontend,188,46727168,1
2026-09-04T10:35:17Z,cartservice,34,77500416,1
2026-09-04T10:35:17Z,productcatalogservice,84,33751040,1
2026-09-04T10:35:17Z,paymentservice,3,32710656,1
2026-09-04T10:35:17Z,recommendationservice,123,96415744,1
2026-09-04T10:35:17Z,shippingservice,14,29908992,1
2026-09-04T10:35:17Z,currencyservice,55,88387584,1
2026-09-04T10:35:17Z,emailservice,6,87736320,1
2026-09-04T10:35:17Z,adservice,33,222851072,1
2026-09-04T10:35:17Z,redis-cart,7,32866304,1
2026-09-04T10:35:22Z,frontend,199,46907392,1
2026-09-04T10:35:22Z,cartservice,42,77549568,1
2026-09-04T10:35:22Z,productcatalogservice,86,35143680,1
2026-09-04T10:35:22Z,paymentservice,3,32710656,1
2026-09-04T10:35:22Z,recommendationservice,124,96415744,1
2026-09-04T10:35:22Z,shippingservice,14,30416896,1
2026-09-04T10:35:22Z,currencyservice,60,87257088,1
2026-09-04T10:35:22Z,emailservice,7,87736320,1
2026-09-04T10:35:22Z,adservice,36,222851072,1
2026-09-04T10:35:22Z,redis-cart,11,32899072,1
2026-09-04T10:35:28Z,frontend,199,46739456,1
2026-09-04T10:35:28Z,cartservice,42,77676544,1
2026-09-04T10:35:28Z,productcatalogservice,86,36696064,1
2026-09-04T10:35:28Z,paymentservice,3,32731136,1
2026-09-04T10:35:28Z,recommendationservice,124,96432128,1
2026-09-04T10:35:28Z,shippingservice,14,29806592,1
2026-09-04T10:35:28Z,currencyservice,60,87613440,1
2026-09-04T10:35:28Z,emailservice,7,87769088,1
2026-09-04T10:35:28Z,adservice,36,222851072,1
2026-09-04T10:35:28Z,redis-cart,11,32899072,1
2026-09-04T10:35:33Z,frontend,228,46546944,1
2026-09-04T10:35:33Z,cartservice,44,78143488,1
2026-09-04T10:35:33Z,productcatalogservice,99,35725312,1
2026-09-04T10:35:33Z,paymentservice,4,32731136,1
2026-09-04T10:35:33Z,recommendationservice,165,96436224,1
2026-09-04T10:35:33Z,shippingservice,16,30154752,1
2026-09-04T10:35:33Z,currencyservice,65,88424448,1
2026-09-04T10:35:33Z,emailservice,8,87736320,1
2026-09-04T10:35:33Z,adservice,42,222851072,1
2026-09-04T10:35:33Z,redis-cart,8,32899072,1
2026-09-04T10:35:38Z,frontend,228,46764032,1
2026-09-04T10:35:38Z,cartservice,44,78262272,1
2026-09-04T10:35:38Z,productcatalogservice,99,34992128,1
2026-09-04T10:35:38Z,paymentservice,4,32763904,1
2026-09-04T10:35:38Z,recommendationservice,165,96436224,1
2026-09-04T10:35:38Z,shippingservice,16,30371840,1
2026-09-04T10:35:38Z,currencyservice,65,87855104,1
2026-09-04T10:35:38Z,emailservice,8,87736320,1
2026-09-04T10:35:38Z,adservice,42,222851072,1
2026-09-04T10:35:38Z,redis-cart,8,32899072,1
2026-09-04T10:35:43Z,frontend,198,47398912,1
2026-09-04T10:35:43Z,cartservice,39,77844480,1
2026-09-04T10:35:43Z,productcatalogservice,84,35971072,1
2026-09-04T10:35:43Z,paymentservice,3,32763904,1
2026-09-04T10:35:43Z,recommendationservice,120,96436224,1
2026-09-04T10:35:43Z,shippingservice,14,30326784,1
2026-09-04T10:35:43Z,currencyservice,60,87572480,1
2026-09-04T10:35:43Z,emailservice,7,87736320,1
2026-09-04T10:35:43Z,adservice,33,222937088,1
2026-09-04T10:35:43Z,redis-cart,7,32899072,1
2026-09-04T10:35:49Z,frontend,198,44683264,1
2026-09-04T10:35:49Z,cartservice,39,77729792,1
2026-09-04T10:35:49Z,productcatalogservice,84,35233792,1
2026-09-04T10:35:49Z,paymentservice,3,32792576,1
2026-09-04T10:35:49Z,recommendationservice,120,96436224,1
2026-09-04T10:35:49Z,shippingservice,14,30117888,1
2026-09-04T10:35:49Z,currencyservice,60,87855104,1
2026-09-04T10:35:49Z,emailservice,7,87736320,1
2026-09-04T10:35:49Z,adservice,33,222969856,1
2026-09-04T10:35:49Z,redis-cart,7,32899072,1
2026-09-04T10:35:54Z,frontend,213,46637056,1
2026-09-04T10:35:54Z,cartservice,36,77799424,1
2026-09-04T10:35:54Z,productcatalogservice,89,35356672,1
2026-09-04T10:35:54Z,paymentservice,3,32825344,1
2026-09-04T10:35:54Z,recommendationservice,129,96468992,1
2026-09-04T10:35:54Z,shippingservice,16,29782016,1
2026-09-04T10:35:54Z,currencyservice,61,87461888,1
2026-09-04T10:35:54Z,emailservice,9,87736320,1
2026-09-04T10:35:54Z,adservice,40,222969856,1
2026-09-04T10:35:54Z,redis-cart,7,32899072,1
2026-09-04T10:35:59Z,frontend,213,47030272,1
2026-09-04T10:35:59Z,cartservice,36,77676544,1
2026-09-04T10:35:59Z,productcatalogservice,89,35815424,1
2026-09-04T10:35:59Z,paymentservice,3,32825344,1
2026-09-04T10:35:59Z,recommendationservice,129,96468992,1
2026-09-04T10:35:59Z,shippingservice,16,30040064,1
2026-09-04T10:35:59Z,currencyservice,61,87781376,1
2026-09-04T10:35:59Z,emailservice,9,87736320,1
2026-09-04T10:35:59Z,adservice,40,222973952,1
2026-09-04T10:35:59Z,redis-cart,7,32899072,1
